"fact","region","phi","crop","median","mean","min","max"
"IPM","Australia and New Zealand",2,"M",0.38628661,0.365630279473684,0.21269466,0.44403
"IPM","Australia and New Zealand",2,"R",0.443118465,0.438681235,0.3844771,0.47434747
"IPM","Australia and New Zealand",2,"W",0.446224055,0.424819199358974,0.25590973,0.54646821
"IPM","Australia and New Zealand",3,"M",0.17831026,0.169046537192982,0.09250839,0.21615939
"IPM","Australia and New Zealand",3,"R",0.21685753,0.2150871335,0.17787879,0.24259906
"IPM","Australia and New Zealand",3,"W",0.23999055,0.230898524487179,0.11785313,0.33919025
"IPM","Australia and New Zealand",4,"M",0.16852448,0.164458788947368,0.076924469,0.23336899
"IPM","Australia and New Zealand",4,"R",0.22134886,0.220302565,0.17991855,0.25591584
"IPM","Australia and New Zealand",4,"W",0.30415465,0.309604033974359,0.12076326,0.70332656
"IPM","Caribbean",2,"M",0.19036804,0.196266332727273,0.16117619,0.23004459
"IPM","Caribbean",2,"R",0.24140462,0.233981389090909,0.19715039,0.25914819
"IPM","Caribbean",3,"M",0.063952582,0.0628504761363636,-0.026922407,0.11576417
"IPM","Caribbean",3,"R",0.10619963,0.0990185857272727,0.055237688,0.12964138
"IPM","Caribbean",4,"M",0.0094078833,-0.00283076397272727,-0.20841658,0.094712872
"IPM","Caribbean",4,"R",0.076804054,0.0723118920272727,0.0011259341,0.1304323
"IPM","Central America",2,"M",0.33712313,0.39070716869281,0.10868929,1.2442325
"IPM","Central America",2,"R",0.30365082,0.276868702222222,-1,0.38083368
"IPM","Central America",2,"W",0.40498301,0.400244694725275,0.26881393,0.54150124
"IPM","Central America",3,"M",0.14671671,0.261044991254902,0.03155202,3.8670267
"IPM","Central America",3,"R",0.13241525,0.112738750095238,-0.99894368,0.1849019
"IPM","Central America",3,"W",0.19130906,0.188970022857143,0.12322603,0.27347786
"IPM","Central America",4,"M",0.13199911,105.884653600181,-0.13834752,1903.8024
"IPM","Central America",4,"R",0.11859881,0.0827339938333333,-0.99894368,0.17553682
"IPM","Central America",4,"W",0.18965507,0.192484806153846,0.10260272,0.3399848
"IPM","Central Asia",2,"M",0.52322546,0.517214162151899,0.44536811,0.60343197
"IPM","Central Asia",2,"R",0.731332465,0.726394326730769,0.52198594,0.98261688
"IPM","Central Asia",2,"W",0.5873749,0.593849305384615,0.51592458,0.81608355
"IPM","Central Asia",3,"M",0.17657746,0.183075047797468,-0.33972362,0.3383048
"IPM","Central Asia",3,"R",0.32591462,0.362995530192308,0.17262071,1.203583
"IPM","Central Asia",3,"W",0.32324546,0.320777306324786,0.22864197,0.39773181
"IPM","Central Asia",4,"M",0.10582602,-0.0233045587101266,-0.99999411,0.4493943
"IPM","Central Asia",4,"R",0.398567585,6.97816941288462,-0.90428945,165.43133
"IPM","Central Asia",4,"W",0.39047973,0.390187235726496,0.23324536,0.81791008
"IPM","Eastern Africa",2,"M",0.33274497,0.321212927511111,0.20393445,0.45171213
"IPM","Eastern Africa",2,"R",0.323761195,0.32511393252381,0.19735574,0.48438527
"IPM","Eastern Africa",2,"W",0.36406571,0.356619879955947,0.26601291,0.43541222
"IPM","Eastern Africa",3,"M",0.15106517,0.147979887973333,-0.014911294,0.23077251
"IPM","Eastern Africa",3,"R",0.14983697,0.131558286164762,-0.19588836,0.24571028
"IPM","Eastern Africa",3,"W",0.16875525,0.165409759251101,0.11940234,0.21764222
"IPM","Eastern Africa",4,"M",0.13407249,0.125581723548444,-0.23134949,0.2537292
"IPM","Eastern Africa",4,"R",0.13720837,0.075412406352381,-0.9904779,0.28435372
"IPM","Eastern Africa",4,"W",0.16314716,0.160361986039648,0.068112471,0.2347427
"IPM","Eastern Asia",2,"M",0.48207295,0.489175947829182,0.28457765,0.96244637
"IPM","Eastern Asia",2,"R",0.48296432,0.509208932320675,0.24121906,1.1238857
"IPM","Eastern Asia",2,"W",0.54680869,0.581713193794118,0.36696461,2.4600235
"IPM","Eastern Asia",3,"M",0.249523215,0.271739147688612,-0.99954854,4.926984
"IPM","Eastern Asia",3,"R",0.25680106,0.380329672004219,-0.99936075,50.197447
"IPM","Eastern Asia",3,"W",0.32919333,16.9102052300735,0.18050054,1833.5707
"IPM","Eastern Asia",4,"M",0.28552094,12.9002637555302,-0.99999731,2293.7376
"IPM","Eastern Asia",4,"R",0.27368152,0.568483002379833,-0.99936075,38.999871
"IPM","Eastern Asia",4,"W",0.506561965,114.603034367074,0.19110357,5500.1101
"IPM","Eastern Europe",2,"M",0.52526679,0.520885627076023,0.41086325,0.6509539
"IPM","Eastern Europe",2,"R",0.547793395,0.549237490384615,0.33573943,0.89231843
"IPM","Eastern Europe",2,"W",0.542381135,0.567803799920635,0.45459636,1.93249
"IPM","Eastern Europe",3,"M",0.27176816,0.271258506764133,0.14877009,0.42344863
"IPM","Eastern Europe",3,"R",0.27875611,0.282403475384615,0.13222675,0.66330286
"IPM","Eastern Europe",3,"W",0.303190985,15.733608302004,0.23735582,1228.8778
"IPM","Eastern Europe",4,"M",0.29614354,0.305421175530214,-0.028243523,0.79815667
"IPM","Eastern Europe",4,"R",0.27822245,34.1652478264837,-0.31053847,783.27113
"IPM","Eastern Europe",4,"W",0.36938864,25.7657243570635,0.24364529,1344.7133
"IPM","Melanesia",2,"M",0.179909095,0.23579040125,0.14246015,0.63954172
"IPM","Melanesia",2,"R",0.221105885,0.2577479875,-0.14766193,0.76851155
"IPM","Melanesia",3,"M",0.069500224,27.5896032332333,-0.050817504,659.73359
"IPM","Melanesia",3,"R",0.0847151505,0.341594901333333,-0.51605053,6.1733446
"IPM","Melanesia",4,"M",0.0321884595,85.2377756154042,-0.39310258,724.63912
"IPM","Melanesia",4,"R",0.055677896,0.486114155333333,-0.99984683,6.1733446
"IPM","Middle Africa",2,"M",0.32369463,0.328467879589744,0.13100942,0.47595009
"IPM","Middle Africa",2,"R",0.32520582,0.328351159764368,-0.049210431,0.52607119
"IPM","Middle Africa",2,"W",0.38606487,0.384551332173913,0.28316345,0.44306705
"IPM","Middle Africa",3,"M",0.14491402,0.150559326061538,-0.06065444,0.27706342
"IPM","Middle Africa",3,"R",0.11908731,0.12858795116092,-0.16824731,0.29127875
"IPM","Middle Africa",3,"W",0.17372738,0.173184386335404,0.10076934,0.20928336
"IPM","Middle Africa",4,"M",0.11341762,0.124275361752103,-0.31943825,0.37318888
"IPM","Middle Africa",4,"R",0.070947211,0.0886834431552874,-0.73347991,0.40152796
"IPM","Middle Africa",4,"W",0.16679944,0.165675212428571,0.046671998,0.21094761
"IPM","Northern Africa",2,"M",0.39208824,0.394926916625,0.29312121,0.69363282
"IPM","Northern Africa",2,"R",0.42243494,0.416078522469136,0.26582222,0.68230952
"IPM","Northern Africa",2,"W",0.42378706,0.4472623802,0.34082748,0.65144158
"IPM","Northern Africa",3,"M",0.198402915,0.20686001425,0.14171606,0.47373246
"IPM","Northern Africa",3,"R",0.19151637,0.185665324716049,0.080475582,0.31833792
"IPM","Northern Africa",3,"W",0.20370899,0.223446605,0.16998698,0.3906042
"IPM","Northern Africa",4,"M",0.191786765,0.2088396571375,0.071047051,0.86515793
"IPM","Northern Africa",4,"R",0.1737451,0.16392003617284,-0.016307309,0.45323881
"IPM","Northern Africa",4,"W",0.200153295,0.2447206586,0.16271257,0.53263544
"IPM","Northern America",2,"M",0.58575932,0.569267455436364,0.2556199,0.79581798
"IPM","Northern America",2,"R",0.53541636,0.508497377368421,0.26184389,0.60952582
"IPM","Northern America",2,"W",0.57775838,0.580692248202995,0.37941031,0.89515821
"IPM","Northern America",3,"M",0.28214994,0.279043401054545,0.12692913,0.44642937
"IPM","Northern America",3,"R",0.23485035,0.234086453157895,0.12559117,0.32999924
"IPM","Northern America",3,"W",0.27114166,0.293303571281198,0.17088916,0.82444737
"IPM","Northern America",4,"M",0.29591253,0.309024095272727,0.12454706,0.840596
"IPM","Northern America",4,"R",0.21976352,0.235910127368421,0.1084438,0.46480235
"IPM","Northern America",4,"W",0.303786,4.90713611178037,0.16450421,1050.8551
"IPM","Northern Europe",2,"W",0.42073651,0.416178032459016,0.2292503,0.63807638
"IPM","Northern Europe",3,"W",0.25329138,0.246779173770492,0.13228292,0.39130914
"IPM","Northern Europe",4,"W",0.31466932,0.294936619180328,0.14513802,0.51818718
"IPM","South America",2,"M",0.25896786,0.240634584234668,-0.41101204,1.8297798
"IPM","South America",2,"R",0.28825053,0.300186652920661,0.041051781,1.0013626
"IPM","South America",2,"W",0.34050951,0.344132279200969,0.17786142,0.60297601
"IPM","South America",3,"M",0.10338257,0.586158961983311,-1,414.87572
"IPM","South America",3,"R",0.11226053,0.53405717896643,-0.99994551,109.68006
"IPM","South America",3,"W",0.15240526,0.153955396229056,-0.025214494,0.40203337
"IPM","South America",4,"M",0.065951291,1.041412326489,-1,414.87572
"IPM","South America",4,"R",0.074041171,1.93900684879496,-1,867.45004
"IPM","South America",4,"W",0.1424709,0.295684891482712,-0.765845,61.935018
"IPM","South-Eastern Asia",2,"M",0.223071675,0.264654778440397,-0.64220211,1.9130144
"IPM","South-Eastern Asia",2,"R",0.26089668,0.279436992322476,0.097968466,0.40724713
"IPM","South-Eastern Asia",2,"W",0.33716098,0.351619067126437,0.23946171,0.57798403
"IPM","South-Eastern Asia",3,"M",0.11477998,4.88465653387685,-0.98541795,1433.0897
"IPM","South-Eastern Asia",3,"R",0.12505776,0.133954409582085,-0.052389641,0.24057282
"IPM","South-Eastern Asia",3,"W",0.17141417,0.175033638390805,0.11112616,0.32916793
"IPM","South-Eastern Asia",4,"M",0.097402288,12.4206329422586,-0.98541795,1489.3241
"IPM","South-Eastern Asia",4,"R",0.1163794,0.122643805707166,-0.27895834,0.33569598
"IPM","South-Eastern Asia",4,"W",0.17480456,0.181142243448276,0.10748228,0.49572217
"IPM","Southern Africa",2,"M",0.38627137,4.30689692961538,0.25657675,508.08147
"IPM","Southern Africa",2,"R",0.393520165,0.396242288285714,0.26291628,0.55711586
"IPM","Southern Africa",2,"W",0.45303504,0.439926644065934,0.27586018,0.53717867
"IPM","Southern Africa",3,"M",0.18011936,6.96697976815385,0.11419037,709.28782
"IPM","Southern Africa",3,"R",0.16935943,0.176274383357143,0.098546445,0.26510189
"IPM","Southern Africa",3,"W",0.20100988,0.19899863032967,0.1273482,0.24988711
"IPM","Southern Africa",4,"M",0.1667457,15.100552569,0.07144362,1070.7831
"IPM","Southern Africa",4,"R",0.15163371,0.162571559942857,0.042485001,0.26777813
"IPM","Southern Africa",4,"W",0.20438275,0.204252462637363,0.13002947,0.26715131
"IPM","Southern Asia",2,"M",0.414290625,0.451755044057971,0.17928084,11.030233
"IPM","Southern Asia",2,"R",0.42625696,0.456056330236842,0.22533317,1.0270184
"IPM","Southern Asia",2,"W",0.46665025,0.503508507082228,0.28627938,1.3277747
"IPM","Southern Asia",3,"M",0.21472751,0.288847880437198,-0.74004216,22.527231
"IPM","Southern Asia",3,"R",0.226056995,0.247757550921053,-0.72818056,0.81301093
"IPM","Southern Asia",3,"W",0.21224958,0.793680036127321,0.14002869,210.55282
"IPM","Southern Asia",4,"M",0.23159856,12.8686003562754,-0.99999133,810.22781
"IPM","Southern Asia",4,"R",0.24331423,10.0349923462895,-0.97256716,734.5232
"IPM","Southern Asia",4,"W",0.22490901,5.71940643912467,0.14106229,662.52244
"IPM","Southern Europe",2,"M",0.54214566,0.537166379705882,0.30131188,0.68405069
"IPM","Southern Europe",2,"R",0.58323131,0.556895598823529,0.36293118,0.74968859
"IPM","Southern Europe",2,"W",0.52393394,0.522381678431373,0.28947219,0.66050008
"IPM","Southern Europe",3,"M",0.2522518,0.25277918245098,0.13838726,0.32769066
"IPM","Southern Europe",3,"R",0.26055502,0.242157197254902,0.11107784,0.31845814
"IPM","Southern Europe",3,"W",0.278462955,0.287071406372549,0.15374854,0.41921331
"IPM","Southern Europe",4,"M",0.240443945,0.246504754313725,0.12898969,0.35537659
"IPM","Southern Europe",4,"R",0.26135038,0.16727358145098,-0.93315705,0.34489041
"IPM","Southern Europe",4,"W",0.352943935,0.377807369411765,0.16940333,1.1470187
"IPM","Western Africa",2,"M",0.40812731,0.394242331794872,0.2091741,0.47770362
"IPM","Western Africa",2,"R",0.41288303,0.422255596140351,0.26966851,0.56208079
"IPM","Western Africa",2,"W",0.41215974,0.414492372207792,0.33410834,0.49470946
"IPM","Western Africa",3,"M",0.21895459,0.208783650671795,0.070276934,0.27151184
"IPM","Western Africa",3,"R",0.19667277,0.202136224269006,0.11468058,0.29046168
"IPM","Western Africa",3,"W",0.19080931,0.193941213636364,0.15217368,0.23553643
"IPM","Western Africa",4,"M",0.23292057,0.220367661331282,0.0093665926,0.32132655
"IPM","Western Africa",4,"R",0.20152354,0.207581097795322,0.08949108,0.36187121
"IPM","Western Africa",4,"W",0.1933524,0.196501852987013,0.15013212,0.24425928
"IPM","Western Asia",2,"M",0.55190226,0.558139004210526,0.4068882,0.74080893
"IPM","Western Asia",2,"R",0.584440135,0.590427802954545,0.44519446,0.77842223
"IPM","Western Asia",2,"W",0.652082845,0.6555460471,0.41734113,0.94757214
"IPM","Western Asia",3,"M",0.2451656,0.254572318905263,0.066942021,0.43590858
"IPM","Western Asia",3,"R",0.26009802,0.270674764772727,0.18985132,0.44435761
"IPM","Western Asia",3,"W",0.337639895,0.3722298582,0.20195287,0.92078658
"IPM","Western Asia",4,"M",0.22414794,0.189906106726316,-0.9999971,0.85825634
"IPM","Western Asia",4,"R",0.256895985,0.269125589840909,0.082532423,0.68262911
"IPM","Western Asia",4,"W",0.452387235,56.1960367456,0.206069,1222.009
"IPM","Western Europe",2,"M",0.441394595,0.439783038653846,0.26350457,0.54195566
"IPM","Western Europe",2,"R",0.54589927,0.5401819275,0.51685883,0.55207034
"IPM","Western Europe",2,"W",0.42806566,0.420200144622641,0.25276839,0.52025141
"IPM","Western Europe",3,"M",0.2166701,0.215831544615385,0.1432513,0.26805729
"IPM","Western Europe",3,"R",0.25657601,0.25690135,0.23947655,0.27497683
"IPM","Western Europe",3,"W",0.23237536,0.233761812830189,0.16096029,0.3100021
"IPM","Western Europe",4,"M",0.209520285,0.20765389625,0.14157671,0.26285986
"IPM","Western Europe",4,"R",0.24358714,0.242236545,0.2265289,0.255243
"IPM","Western Europe",4,"W",0.260864635,0.269255788679245,0.18247385,0.50882098
"MET","Australia and New Zealand",2,"M",0.3674305,0.358956103684211,0.24305972,0.46417472
"MET","Australia and New Zealand",2,"R",0.41460742,0.4112160315,0.36085177,0.45054902
"MET","Australia and New Zealand",2,"W",0.333475915,0.335715823205128,0.22142626,0.44837322
"MET","Australia and New Zealand",3,"M",0.17033668,0.167879015087719,0.10832311,0.21559301
"MET","Australia and New Zealand",3,"R",0.194771495,0.1953765235,0.16462757,0.22599068
"MET","Australia and New Zealand",3,"W",0.146628335,0.149834501858974,0.099893945,0.20472163
"MET","Australia and New Zealand",4,"M",0.17033668,0.167879015087719,0.10832311,0.21559301
"MET","Australia and New Zealand",4,"R",0.194771495,0.1953765235,0.16462757,0.22599068
"MET","Australia and New Zealand",4,"W",0.146628335,0.149834501858974,0.099893945,0.20472163
"MET","Caribbean",2,"M",0.28242633,0.284592556363636,0.24391802,0.30993093
"MET","Caribbean",2,"R",0.29387257,0.29869316,0.2604266,0.32846846
"MET","Caribbean",3,"M",0.13783209,0.140262974545455,0.12686014,0.14992544
"MET","Caribbean",3,"R",0.14359014,0.144950395454545,0.12942533,0.15749783
"MET","Caribbean",4,"M",0.13783209,0.140262974545455,0.12686014,0.14992544
"MET","Caribbean",4,"R",0.14359014,0.144950395454545,0.12942533,0.15749783
"MET","Central America",2,"M",0.3970671,0.388406645359477,0.27373363,0.48916858
"MET","Central America",2,"R",0.37654356,0.377730142380952,0.30362205,0.46067029
"MET","Central America",2,"W",0.41025657,0.397324488681319,0.28555518,0.44969783
"MET","Central America",3,"M",0.18821509,0.183948325163399,0.13765596,0.22576249
"MET","Central America",3,"R",0.18130706,0.180225574285714,0.14517917,0.21901801
"MET","Central America",3,"W",0.19031277,0.186416757582418,0.14039615,0.21507748
"MET","Central America",4,"M",0.18821509,0.183948325163399,0.13765596,0.22576249
"MET","Central America",4,"R",0.18130706,0.180225574285714,0.14517917,0.21901801
"MET","Central America",4,"W",0.19031277,0.186416757582418,0.14039615,0.21507748
"MET","Central Asia",2,"M",0.50557163,0.513338056202532,0.46588109,0.63166966
"MET","Central Asia",2,"R",0.58778754,0.587803101730769,0.48955606,0.70542723
"MET","Central Asia",2,"W",0.48493702,0.495828267863248,0.45615671,0.65920369
"MET","Central Asia",3,"M",0.22606311,0.223821503670886,0.19172861,0.31007494
"MET","Central Asia",3,"R",0.25873093,0.261449611153846,0.23039804,0.34052765
"MET","Central Asia",3,"W",0.23612151,0.232942731452991,0.20620108,0.26943768
"MET","Central Asia",4,"M",0.22606311,0.223821503670886,0.19172861,0.31007494
"MET","Central Asia",4,"R",0.25873093,0.261449611153846,0.23039804,0.34052765
"MET","Central Asia",4,"W",0.23612151,0.232942731452991,0.20620108,0.26943768
"MET","Eastern Africa",2,"M",0.38982232,0.382971002311111,0.28987626,0.48476829
"MET","Eastern Africa",2,"R",0.41268884,0.407927397,0.31069064,0.5167117
"MET","Eastern Africa",2,"W",0.38928501,0.382321202863436,0.28708505,0.46558476
"MET","Eastern Africa",3,"M",0.18772693,0.183880154222222,0.13015925,0.23931028
"MET","Eastern Africa",3,"R",0.19416759,0.189960341809524,0.14363054,0.24645993
"MET","Eastern Africa",3,"W",0.18070686,0.177374619779736,0.13377717,0.21673605
"MET","Eastern Africa",4,"M",0.18772693,0.183880154222222,0.13015925,0.23931028
"MET","Eastern Africa",4,"R",0.19416759,0.189960341809524,0.14363054,0.24645993
"MET","Eastern Africa",4,"W",0.18070686,0.177374619779736,0.13377717,0.21673605
"MET","Eastern Asia",2,"M",0.42658597,0.432125677793594,0.28710722,0.64542412
"MET","Eastern Asia",2,"R",0.439099235,0.44963540149789,0.27360761,0.7369376
"MET","Eastern Asia",2,"W",0.426176835,0.438144500808824,0.3305697,0.62996395
"MET","Eastern Asia",3,"M",0.18082401,0.186783900338078,0.13961078,0.27579152
"MET","Eastern Asia",3,"R",0.196620065,0.199581191033755,0.14750724,0.31185091
"MET","Eastern Asia",3,"W",0.189195695,0.192550065029412,0.14809963,0.28405951
"MET","Eastern Asia",4,"M",0.18082401,0.186783900338078,0.13961078,0.27579152
"MET","Eastern Asia",4,"R",0.196620065,0.199581191033755,0.14750724,0.31185091
"MET","Eastern Asia",4,"W",0.189195695,0.192550065029412,0.14809963,0.28405951
"MET","Eastern Europe",2,"M",0.47238808,0.473851551072125,0.37825286,0.60026139
"MET","Eastern Europe",2,"R",0.533929795,0.532978132596154,0.42990009,0.64003178
"MET","Eastern Europe",2,"W",0.466362345,0.462769462162698,0.38375584,0.55411742
"MET","Eastern Europe",3,"M",0.21521134,0.214576696296296,0.16188728,0.26915901
"MET","Eastern Europe",3,"R",0.246187275,0.245639704519231,0.19752669,0.27763051
"MET","Eastern Europe",3,"W",0.229725225,0.225122944623016,0.1625751,0.2565468
"MET","Eastern Europe",4,"M",0.21521134,0.214576696296296,0.16188728,0.26915901
"MET","Eastern Europe",4,"R",0.246187275,0.245639704519231,0.19752669,0.27763051
"MET","Eastern Europe",4,"W",0.229725225,0.225122944623016,0.1625751,0.2565468
"MET","Melanesia",2,"M",0.283524115,0.282909910833333,0.26661629,0.29953633
"MET","Melanesia",2,"R",0.305535815,0.304108223333333,0.27732848,0.32492108
"MET","Melanesia",3,"M",0.13248029,0.1334793575,0.12151023,0.1458031
"MET","Melanesia",3,"R",0.14225972,0.141594435833333,0.12491158,0.15472628
"MET","Melanesia",4,"M",0.13248029,0.1334793575,0.12151023,0.1458031
"MET","Melanesia",4,"R",0.14225972,0.141594435833333,0.12491158,0.15472628
"MET","Middle Africa",2,"M",0.39725868,0.400771829025641,0.25917985,0.5223424
"MET","Middle Africa",2,"R",0.40324118,0.411608700632184,0.27388222,0.57956851
"MET","Middle Africa",2,"W",0.41785354,0.413800394347826,0.2772007,0.48411495
"MET","Middle Africa",3,"M",0.19005278,0.191983945076923,0.14319061,0.25525402
"MET","Middle Africa",3,"R",0.185471835,0.188111585804598,0.14504458,0.24378952
"MET","Middle Africa",3,"W",0.1943319,0.191077908074534,0.14129723,0.21570185
"MET","Middle Africa",4,"M",0.19005278,0.191983945076923,0.14319061,0.25525402
"MET","Middle Africa",4,"R",0.185471835,0.188111585804598,0.14504458,0.24378952
"MET","Middle Africa",4,"W",0.1943319,0.191077908074534,0.14129723,0.21570185
"MET","Northern Africa",2,"M",0.43836388,0.4347996835,0.3148589,0.55369517
"MET","Northern Africa",2,"R",0.48520518,0.482390799012346,0.3926434,0.62938621
"MET","Northern Africa",2,"W",0.43466592,0.4275637296,0.3218038,0.52342033
"MET","Northern Africa",3,"M",0.216239335,0.21512149625,0.1545741,0.27130858
"MET","Northern Africa",3,"R",0.21780414,0.21820862962963,0.17863423,0.26222006
"MET","Northern Africa",3,"W",0.19861235,0.198535768,0.14960081,0.24156471
"MET","Northern Africa",4,"M",0.216239335,0.21512149625,0.1545741,0.27130858
"MET","Northern Africa",4,"R",0.21780414,0.21820862962963,0.17863423,0.26222006
"MET","Northern Africa",4,"W",0.19861235,0.198535768,0.14960081,0.24156471
"MET","Northern America",2,"M",0.51933836,0.515559356781818,0.27210702,0.63021368
"MET","Northern America",2,"R",0.58226865,0.540074566842105,0.31739169,0.65399311
"MET","Northern America",2,"W",0.47767432,0.482781416505824,0.34872914,0.58381377
"MET","Northern America",3,"M",0.23475591,0.234179203254545,0.12831198,0.28078656
"MET","Northern America",3,"R",0.2442051,0.232563736842105,0.14956534,0.27105733
"MET","Northern America",3,"W",0.21057858,0.212017897171381,0.14990504,0.27720311
"MET","Northern America",4,"M",0.23475591,0.234179203254545,0.12831198,0.28078656
"MET","Northern America",4,"R",0.2442051,0.232563736842105,0.14956534,0.27105733
"MET","Northern America",4,"W",0.21057858,0.212017897171381,0.14990504,0.27720311
"MET","Northern Europe",2,"W",0.34343103,0.351759683114754,0.20524092,0.49397333
"MET","Northern Europe",3,"W",0.17564664,0.18104397295082,0.10864545,0.24051132
"MET","Northern Europe",4,"W",0.17564664,0.18104397295082,0.10864545,0.24051132
"MET","South America",2,"M",0.36758671,0.371453000976934,0.11926733,0.59792871
"MET","South America",2,"R",0.39169112,0.389324789471074,0.23507352,0.51825472
"MET","South America",2,"W",0.37707451,0.361169271767554,0.15134809,0.50159352
"MET","South America",3,"M",0.17232558,0.172076570440977,0.057621126,0.27540719
"MET","South America",3,"R",0.18193667,0.180035966099174,0.11929151,0.24307784
"MET","South America",3,"W",0.17816775,0.169420464210654,0.070309685,0.24005385
"MET","South America",4,"M",0.17232558,0.172076570440977,0.057621126,0.27540719
"MET","South America",4,"R",0.18193667,0.180035966099174,0.11929151,0.24307784
"MET","South America",4,"W",0.17816775,0.169420464210654,0.070309685,0.24005385
"MET","South-Eastern Asia",2,"M",0.307901685,0.32298915013245,0.24345485,0.47329102
"MET","South-Eastern Asia",2,"R",0.32285779,0.32596041990228,0.25501432,0.43322892
"MET","South-Eastern Asia",2,"W",0.33742316,0.350911758390805,0.26403674,0.46778607
"MET","South-Eastern Asia",3,"M",0.14818191,0.157421985231788,0.11659473,0.23476777
"MET","South-Eastern Asia",3,"R",0.15203433,0.154242060944625,0.12055307,0.20905825
"MET","South-Eastern Asia",3,"W",0.16620473,0.166717119655172,0.12240934,0.20488695
"MET","South-Eastern Asia",4,"M",0.14818191,0.157421985231788,0.11659473,0.23476777
"MET","South-Eastern Asia",4,"R",0.15203433,0.154242060944625,0.12055307,0.20905825
"MET","South-Eastern Asia",4,"W",0.16620473,0.166717119655172,0.12240934,0.20488695
"MET","Southern Africa",2,"M",0.405876205,0.402770839384615,0.2664349,0.50314742
"MET","Southern Africa",2,"R",0.433190215,0.419222639571429,0.28124937,0.56075579
"MET","Southern Africa",2,"W",0.4539299,0.438073677582418,0.26544795,0.52951241
"MET","Southern Africa",3,"M",0.19180363,0.190468091,0.12964385,0.24606947
"MET","Southern Africa",3,"R",0.19237629,0.194856308,0.14188006,0.2582276
"MET","Southern Africa",3,"W",0.19895237,0.192185519010989,0.11339736,0.2352033
"MET","Southern Africa",4,"M",0.19180363,0.190468091,0.12964385,0.24606947
"MET","Southern Africa",4,"R",0.19237629,0.194856308,0.14188006,0.2582276
"MET","Southern Africa",4,"W",0.19895237,0.192185519010989,0.11339736,0.2352033
"MET","Southern Asia",2,"M",0.37444976,0.391798146570048,0.24164733,0.87978535
"MET","Southern Asia",2,"R",0.37791095,0.411387562526316,0.26517862,1.0316707
"MET","Southern Asia",2,"W",0.42809577,0.446976245384615,0.27815702,0.89867806
"MET","Southern Asia",3,"M",0.17940445,0.186837878792271,0.11388425,0.46274974
"MET","Southern Asia",3,"R",0.183018375,0.196967184868421,0.12203782,0.53303884
"MET","Southern Asia",3,"W",0.18430483,0.189920808435013,0.13117659,0.34821976
"MET","Southern Asia",4,"M",0.17940445,0.186837878792271,0.11388425,0.46274974
"MET","Southern Asia",4,"R",0.183018375,0.196967184868421,0.12203782,0.53303884
"MET","Southern Asia",4,"W",0.18430483,0.189920808435013,0.13117659,0.34821976
"MET","Southern Europe",2,"M",0.56181618,0.549642136176471,0.31108087,0.64316185
"MET","Southern Europe",2,"R",0.59882417,0.588452105882353,0.36234552,0.70304677
"MET","Southern Europe",2,"W",0.450237285,0.449451619117647,0.26819306,0.53556
"MET","Southern Europe",3,"M",0.248428465,0.242593593529412,0.14582483,0.28311321
"MET","Southern Europe",3,"R",0.25251049,0.245340009607843,0.15588994,0.28480704
"MET","Southern Europe",3,"W",0.209459565,0.207713972647059,0.13330078,0.24665526
"MET","Southern Europe",4,"M",0.248428465,0.242593593529412,0.14582483,0.28311321
"MET","Southern Europe",4,"R",0.25251049,0.245340009607843,0.15588994,0.28480704
"MET","Southern Europe",4,"W",0.209459565,0.207713972647059,0.13330078,0.24665526
"MET","Western Africa",2,"M",0.40413152,0.40943427374359,0.2970683,0.50365751
"MET","Western Africa",2,"R",0.44123004,0.443315521871345,0.32165641,0.57756043
"MET","Western Africa",2,"W",0.42150676,0.419674517532468,0.34847555,0.48323713
"MET","Western Africa",3,"M",0.19031213,0.193042615230769,0.14078159,0.23721067
"MET","Western Africa",3,"R",0.19163464,0.193658180409357,0.14768152,0.23795716
"MET","Western Africa",3,"W",0.18846205,0.189322338311688,0.15781452,0.21888823
"MET","Western Africa",4,"M",0.19031213,0.193042615230769,0.14078159,0.23721067
"MET","Western Africa",4,"R",0.19163464,0.193658180409357,0.14768152,0.23795716
"MET","Western Africa",4,"W",0.18846205,0.189322338311688,0.15781452,0.21888823
"MET","Western Asia",2,"M",0.59812784,0.580788703578947,0.43280421,0.69590937
"MET","Western Asia",2,"R",0.595146725,0.607494019318182,0.46830042,0.71501678
"MET","Western Asia",2,"W",0.521608515,0.5189409649,0.39943966,0.65583677
"MET","Western Asia",3,"M",0.2716792,0.266202345368421,0.20965636,0.3123743
"MET","Western Asia",3,"R",0.25963315,0.264690177727273,0.22491226,0.31360263
"MET","Western Asia",3,"W",0.232059695,0.227020389,0.18339582,0.25800406
"MET","Western Asia",4,"M",0.2716792,0.266202345368421,0.20965636,0.3123743
"MET","Western Asia",4,"R",0.25963315,0.264690177727273,0.22491226,0.31360263
"MET","Western Asia",4,"W",0.232059695,0.227020389,0.18339582,0.25800406
"MET","Western Europe",2,"M",0.458664175,0.452648724134615,0.26860074,0.59185806
"MET","Western Europe",2,"R",0.59422315,0.5932005675,0.55281581,0.63154016
"MET","Western Europe",2,"W",0.38849069,0.379337122830189,0.22573717,0.46112566
"MET","Western Europe",3,"M",0.208791155,0.210283954134615,0.13811359,0.25691551
"MET","Western Europe",3,"R",0.263692895,0.2633065325,0.24744226,0.27839808
"MET","Western Europe",3,"W",0.192296655,0.189876332264151,0.13135395,0.21659623
"MET","Western Europe",4,"M",0.208791155,0.210283954134615,0.13811359,0.25691551
"MET","Western Europe",4,"R",0.263692895,0.2633065325,0.24744226,0.27839808
"MET","Western Europe",4,"W",0.192296655,0.189876332264151,0.13135395,0.21659623
"POP","Australia and New Zealand",2,"M",0.0092575353,0.00520246376842105,-0.035934498,0.029475337
"POP","Australia and New Zealand",2,"R",0.0194030575,0.01985626004,0.0090469888,0.028498476
"POP","Australia and New Zealand",2,"W",0.070147329,0.065889309131282,0.00029573294,0.13629329
"POP","Australia and New Zealand",3,"M",0.0036947528,0.00132366988070175,-0.040460574,0.02534684
"POP","Australia and New Zealand",3,"R",0.0169718335,0.016469753115,0.0030463206,0.026641657
"POP","Australia and New Zealand",3,"W",0.0679235005,0.0696262961230769,0.0071660042,0.17015415
"POP","Australia and New Zealand",4,"M",0.0011945453,-0.00234816540175439,-0.079111906,0.039938242
"POP","Australia and New Zealand",4,"R",0.021441826,0.020886746732,-0.00070774136,0.037813974
"POP","Australia and New Zealand",4,"W",0.12113653,0.137337321071795,0.0097760916,0.48561714
"POP","Caribbean",2,"M",-0.071778741,-0.0685741752727273,-0.088252837,-0.044894479
"POP","Caribbean",2,"R",-0.051084746,-0.0496507609090909,-0.07055326,-0.01505872
"POP","Caribbean",3,"M",-0.062384125,-0.0675730367272727,-0.14379479,-0.023291504
"POP","Caribbean",3,"R",-0.043995134,-0.0398430066281818,-0.074149567,0.00025161509
"POP","Caribbean",4,"M",-0.10988972,-0.124944564909091,-0.30295713,-0.038748586
"POP","Caribbean",4,"R",-0.069214127,-0.0630098375181818,-0.12130379,0.0009805593
"POP","Central America",2,"M",-0.027452645,-0.000301887414379085,-0.1496942,0.51541856
"POP","Central America",2,"R",-0.049446133,-0.0725895925714286,-1,-0.015990658
"POP","Central America",2,"W",0.0012601196,0.00187835087142857,-0.056343648,0.079179593
"POP","Central America",3,"M",-0.020295502,0.0619571793679739,-0.1414249,2.9726648
"POP","Central America",3,"R",-0.031189818,-0.056350906068254,-0.99909785,-0.0030777268
"POP","Central America",3,"W",-0.0019279863,0.00199851837153846,-0.052185385,0.069949255
"POP","Central America",4,"M",-0.032184236,86.1197484667005,-0.28264921,1545.8831
"POP","Central America",4,"R",-0.045742494,-0.081281248647619,-0.99909785,-0.0052249928
"POP","Central America",4,"W",-0.0023126426,0.00484035824901099,-0.083810339,0.12610027
"POP","Central Asia",2,"M",0.0067398548,0.00392189567746835,-0.032353547,0.049214472
"POP","Central Asia",2,"R",0.077586047,0.0869064813269231,0.019936462,0.19380229
"POP","Central Asia",2,"W",0.064511361,0.0661762696324786,0.023755609,0.11552262
"POP","Central Asia",3,"M",-0.040709819,-0.0317173261329114,-0.46851957,0.077598827
"POP","Central Asia",3,"R",0.055410783,0.0791705296153846,-0.076956988,0.71874331
"POP","Central Asia",3,"W",0.071550238,0.0701661392051282,0.017068315,0.12676849
"POP","Central Asia",4,"M",-0.09222538,-0.196696860605063,-0.99999507,0.1616522
"POP","Central Asia",4,"R",0.11851302,5.29023724597885,-0.92301208,128.67821
"POP","Central Asia",4,"W",0.12311533,0.125623104119658,0.020257797,0.47595165
"POP","Eastern Africa",2,"M",-0.039558516,-0.0442097851853333,-0.11134688,0.021600832
"POP","Eastern Africa",2,"R",-0.04810578,-0.0580334645347619,-0.18076401,0.030553962
"POP","Eastern Africa",2,"W",-0.017327845,-0.0183122762642731,-0.048933549,0.020978276
"POP","Eastern Africa",3,"M",-0.023099278,-0.0296697599043111,-0.16442218,0.027534578
"POP","Eastern Africa",3,"R",-0.024354912,-0.0479674473730952,-0.33237811,0.033798826
"POP","Eastern Africa",3,"W",-0.0068741058,-0.00997709304962996,-0.056097095,0.024600331
"POP","Eastern Africa",4,"M",-0.036216848,-0.0481949964726222,-0.35094837,0.046588546
"POP","Eastern Africa",4,"R",-0.037614115,-0.0941573004611905,-0.99192866,0.06546085
"POP","Eastern Africa",4,"W",-0.0085134112,-0.0141742689273612,-0.10457982,0.038818028
"POP","Eastern Asia",2,"M",0.0408158735,0.0407040863666548,-0.097341016,0.25061221
"POP","Eastern Asia",2,"R",0.025092217,0.0418127491281435,-0.13335206,0.31434229
"POP","Eastern Asia",2,"W",0.0691841285,0.0992235088413235,-0.01564703,1.0771738
"POP","Eastern Asia",3,"M",0.0551746135,0.0718530962186726,-0.99964416,3.9126617
"POP","Eastern Asia",3,"R",0.037792274,0.144057827350422,-0.9994612,38.2747
"POP","Eastern Asia",3,"W",0.110189575,13.4816678250615,0.0021242898,1374.0776
"POP","Eastern Asia",4,"M",0.0876793185,10.5003328377185,-0.99999787,1878.2261
"POP","Eastern Asia",4,"R",0.0551314755,0.296597856806013,-0.9994612,29.775654
"POP","Eastern Asia",4,"W",0.262252445,93.8814122859968,0.0034839041,4367.1535
"POP","Eastern Europe",2,"M",0.037138768,0.0351867111168343,-0.08266279,0.16788121
"POP","Eastern Europe",2,"R",0.00825901615,0.0133927421392308,-0.12548313,0.1647944
"POP","Eastern Europe",2,"W",0.0604826165,0.0736421538988095,0.013502291,1.0724949
"POP","Eastern Europe",3,"M",0.047096568,0.0472346569158616,-0.081030084,0.18210447
"POP","Eastern Europe",3,"R",0.021968776,0.0318617274557692,-0.1103722,0.33955279
"POP","Eastern Europe",3,"W",0.06972271,13.0444669148034,0.0094676659,1024.9919
"POP","Eastern Europe",4,"M",0.067368823,0.0757614806794932,-0.18305632,0.48798166
"POP","Eastern Europe",4,"R",0.02369452,27.1436973928087,-0.45348126,630.57801
"POP","Eastern Europe",4,"W",0.116038215,21.4219272450196,0.0089093269,1118.8262
"POP","Melanesia",2,"M",-0.0781287305,-0.036968976825,-0.10700561,0.26647162
"POP","Melanesia",2,"R",-0.062751201,-0.035798538625,-0.34707285,0.34189778
"POP","Melanesia",3,"M",-0.0501443305,24.0204126890417,-0.1594271,577.06464
"POP","Melanesia",3,"R",-0.0451313785,0.166375158125,-0.57399195,5.0619304
"POP","Melanesia",4,"M",-0.081564719,74.4540766965417,-0.4624386,633.32682
"POP","Melanesia",4,"R",-0.072501308,0.29082469225,-0.99986174,5.0619304
"POP","Middle Africa",2,"M",-0.055250388,-0.0511161331559487,-0.17696196,0.054390952
"POP","Middle Africa",2,"R",-0.0610121155,-0.0585618633622414,-0.34789435,0.058247577
"POP","Middle Africa",2,"W",-0.020487642,-0.0204305237731242,-0.07566999,0.010808088
"POP","Middle Africa",3,"M",-0.04012426,-0.0343056161753846,-0.20744979,0.087847042
"POP","Middle Africa",3,"R",-0.0606656735,-0.0496241342092529,-0.30338752,0.097307239
"POP","Middle Africa",3,"W",-0.012030829,-0.0149258199528634,-0.084964258,0.0077616652
"POP","Middle Africa",4,"M",-0.065891765,-0.0560589811979487,-0.42468384,0.16983268
"POP","Middle Africa",4,"R",-0.101408045,-0.082902862457069,-0.77340735,0.19013621
"POP","Middle Africa",4,"W",-0.017320605,-0.0211861610314286,-0.12977024,0.010788018
"POP","Northern Africa",2,"M",-0.033494836,-0.02671897130875,-0.093579377,0.13064128
"POP","Northern Africa",2,"R",-0.042727749,-0.0438598707592593,-0.090657731,0.097193864
"POP","Northern Africa",2,"W",-0.0103929255,0.01393626597,-0.023122693,0.085746458
"POP","Northern Africa",3,"M",-0.00992130315,-0.00593623996425,-0.078944395,0.18787015
"POP","Northern Africa",3,"R",-0.024125687,-0.0259305004350617,-0.10500031,0.11593476
"POP","Northern Africa",3,"W",-0.0056283399,0.0204649328068,-0.018860038,0.11807994
"POP","Northern Africa",4,"M",-0.0159573195,-0.003875454587875,-0.14450932,0.4958713
"POP","Northern Africa",4,"R",-0.039263823,-0.0432710046753086,-0.18447197,0.22785916
"POP","Northern Africa",4,"W",-0.0082247266,0.0379094479606,-0.027861263,0.23054284
"POP","Northern America",2,"M",0.0393080815,0.0363297516806545,-0.040129661,0.12236921
"POP","Northern America",2,"R",-0.032575331,-0.0142567163326316,-0.055177939,0.065814677
"POP","Northern America",2,"W",0.063772347,0.0659097052091348,0.00092002869,0.2325607
"POP","Northern America",3,"M",0.0312208985,0.0363196917580182,-0.037733177,0.14953618
"POP","Northern America",3,"R",-0.0090518412,0.00328400452105263,-0.029195186,0.084990832
"POP","Northern America",3,"W",0.040657767,0.0660667423664176,-0.0061605934,0.51501849
"POP","Northern America",4,"M",0.042902166,0.0606497759804909,-0.065178907,0.46152913
"POP","Northern America",4,"R",-0.019304031,0.00590985689473684,-0.052333974,0.19407013
"POP","Northern America",4,"W",0.069757347,3.87690235863233,-0.011577807,867.90981
"POP","Northern Europe",2,"W",0.042205594,0.0465684462426229,0.0046796308,0.097248037
"POP","Northern Europe",3,"W",0.052864576,0.054872390852459,0.012497975,0.12186586
"POP","Northern Europe",4,"W",0.092163594,0.0952145106557377,0.021526977,0.22500137
"POP","South America",2,"M",-0.067178595,-0.0906538737801436,-0.60720981,1.0944133
"POP","South America",2,"R",-0.067269912,-0.0630149394052066,-0.23942886,0.35513202
"POP","South America",2,"W",-0.00095062278,-0.0116088168163923,-0.090090009,0.10328155
"POP","South America",3,"M",-0.052416898,0.35944459188867,-1,355.78253
"POP","South America",3,"R",-0.055295555,0.276239464812446,-0.99994944,86.180802
"POP","South America",3,"W",-0.0004668076,-0.0127081644638935,-0.20515447,0.14674259
"POP","South America",4,"M",-0.085000379,0.752759115492619,-1,355.78253
"POP","South America",4,"R",-0.087073013,1.46247011495175,-1,732.42514
"POP","South America",4,"W",5.567447e-05,0.10237154552563,-0.80850661,50.131128
"POP","South-Eastern Asia",2,"M",-0.0568815705,-0.0453835823301324,-0.72429275,0.97462269
"POP","South-Eastern Asia",2,"R",-0.033509785,-0.0352185242111075,-0.16892014,0.063465766
"POP","South-Eastern Asia",2,"W",-0.0015782171,0.000301219556103448,-0.020922173,0.07473504
"POP","South-Eastern Asia",3,"M",-0.0301506265,3.90038254052668,-0.98718534,1182.5278
"POP","South-Eastern Asia",3,"R",-0.015413226,-0.0175822543163518,-0.1715014,0.091304291
"POP","South-Eastern Asia",3,"W",0.0037253907,0.00701513605490805,-0.012402888,0.10863114
"POP","South-Eastern Asia",4,"M",-0.0519213405,10.3133068742722,-0.98718534,1244.0572
"POP","South-Eastern Asia",4,"R",-0.021850909,-0.0273776357229088,-0.36741847,0.17465367
"POP","South-Eastern Asia",4,"W",0.0064594661,0.0121467605034054,-0.01822994,0.24577338
"POP","Southern Africa",2,"M",-0.014447788,2.94424426894608,-0.068745171,382.89908
"POP","Southern Africa",2,"R",-0.0206035565,-0.0161256065801429,-0.092276161,0.028762073
"POP","Southern Africa",2,"W",-0.0017461874,0.00158840508323077,-0.031254306,0.042819078
"POP","Southern Africa",3,"M",-0.01221005,5.70547020296815,-0.060609253,598.25794
"POP","Southern Africa",3,"R",-0.0203334895,-0.0153206646952857,-0.074257274,0.023035327
"POP","Southern Africa",3,"W",0.0024486325,0.00575122641373626,-0.019819181,0.037866299
"POP","Southern Africa",4,"M",-0.0207232095,12.1187605186113,-0.096359377,844.69297
"POP","Southern Africa",4,"R",-0.033581442,-0.0266402615532857,-0.12086769,0.032066986
"POP","Southern Africa",4,"W",0.0054110431,0.0101694380333516,-0.027257942,0.059677006
"POP","Southern Asia",2,"M",0.023222412,0.0444275467035024,-0.22161685,7.7014308
"POP","Southern Asia",2,"R",0.027065801,0.0315326729861842,-0.11408647,0.29357052
"POP","Southern Asia",2,"W",0.02494788,0.0380538913226525,-0.010838416,0.51430788
"POP","Southern Asia",3,"M",0.0345979825,0.0858044948479952,-0.78541549,18.732499
"POP","Southern Asia",3,"R",0.034392565,0.0418826780585263,-0.78016606,0.41657276
"POP","Southern Asia",3,"W",0.024063257,0.481153201134907,-0.0085289198,167.27111
"POP","Southern Asia",4,"M",0.053928645,10.0547715974542,-0.99999292,640.63498
"POP","Southern Asia",4,"R",0.051502321,7.66343242379284,-0.97707494,571.23912
"POP","Southern Asia",4,"W",0.035619419,4.41311905355593,-0.017988613,536.06522
"POP","Southern Europe",2,"M",-0.009042127,-0.0059196745204902,-0.081023619,0.03182232
"POP","Southern Europe",2,"R",-7.6749619e-05,-0.0173590405766471,-0.15946686,0.03316457
"POP","Southern Europe",2,"W",0.051711594,0.0507948896862745,0.01046849,0.085517389
"POP","Southern Europe",3,"M",0.00261896955,0.00860035666990196,-0.045026165,0.049456815
"POP","Southern Europe",3,"R",0.0084474767,-0.00138841789509804,-0.12791653,0.046029918
"POP","Southern Europe",3,"W",0.060105059,0.0649208281039216,0.0065442526,0.14570293
"POP","Southern Europe",4,"M",-0.005251079,0.0039916294547549,-0.11460965,0.073510606
"POP","Southern Europe",4,"R",0.0056984939,-0.0595139232180392,-0.9484404,0.067795936
"POP","Southern Europe",4,"W",0.117838175,0.139025939343137,0.010020076,0.73668293
"POP","Western Africa",2,"M",-0.0075748021,-0.0105286954361077,-0.071228946,0.033223446
"POP","Western Africa",2,"R",-0.012082181,-0.0144168436365977,-0.071078746,0.034924417
"POP","Western Africa",2,"W",-0.0052186371,-0.00367185928194805,-0.018710455,0.010594976
"POP","Western Africa",3,"M",0.016072669,0.0132614678452308,-0.068244283,0.061348708
"POP","Western Africa",3,"R",0.0084826295,0.00715573449298246,-0.042643674,0.076883825
"POP","Western Africa",3,"W",0.0039324664,0.00384028768483117,-0.0091752162,0.018007629
"POP","Western Africa",4,"M",0.026050099,0.0230250785412821,-0.12071626,0.1070314
"POP","Western Africa",4,"R",0.013311346,0.0117589941118129,-0.079200931,0.13610432
"POP","Western Africa",4,"W",0.0059112464,0.0059703804314026,-0.013102016,0.027213405
"POP","Western Asia",2,"M",-0.0075783159,-0.0121917475234737,-0.11569061,0.076315881
"POP","Western Asia",2,"R",-0.016053396,-0.00863171953895455,-0.054451315,0.089204221
"POP","Western Asia",2,"W",0.082201836,0.08926660993143,-0.0035868139,0.23600744
"POP","Western Asia",3,"M",-0.0064981232,-0.007177568976,-0.16964315,0.10746977
"POP","Western Asia",3,"R",0.00399796965,0.00461211973159091,-0.054512408,0.11506576
"POP","Western Asia",3,"W",0.0877808115,0.117190699979,0.0046896605,0.54114361
"POP","Western Asia",4,"M",-0.021140031,-0.0561865334505263,-0.99999782,0.43920967
"POP","Western Asia",4,"R",-0.00242242395,0.00318813697272727,-0.13939618,0.29305451
"POP","Western Asia",4,"W",0.189934425,45.002714731433,0.00877042,979.8296
"POP","Western Europe",2,"M",-0.0073156321,-0.006885811259875,-0.029859851,0.02231663
"POP","Western Europe",2,"R",-0.0292195605,-0.03199003,-0.047011897,-0.022509102
"POP","Western Europe",2,"W",0.028161202,0.0303094986981132,0.015373835,0.067878376
"POP","Western Europe",3,"M",0.00597411775,0.00550502379826923,-0.017452626,0.032319776
"POP","Western Europe",3,"R",-0.00373553225,-0.004289003575,-0.011756991,0.0020720412
"POP","Western Europe",3,"W",0.034194456,0.0369812896603774,0.012950071,0.091659514
"POP","Western Europe",4,"M",0.000767467115,-0.000544555158365384,-0.034122939,0.043354797
"POP","Western Europe",4,"R",-0.015902059,-0.0152313224,-0.025185113,-0.0039360586
"POP","Western Europe",4,"W",0.059494643,0.0668436547735849,0.021476937,0.24147783
