"","NAME","Region","Subregion","MEAN_LAT_R","WMEAN_LAT_R","MED_YLD_HA_R","MEAN_YLD_HA_R","WMEAN_YLD_HA_R","MIN_YLD_HA_R","MAX_YLD_HA_R","TOT_YLD_TOT_R","TOT_CL2050_R2","TOT_CL2050_R3","TOT_CL2050_R4","MED_IPM_R2","MEAN_IPM_R2","WMEAN_IPM_R2","MIN_IPM_R2","MAX_IPM_R2","MED_IPM_R3","MEAN_IPM_R3","WMEAN_IPM_R3","MIN_IPM_R3","MAX_IPM_R3","MED_IPM_R4","MEAN_IPM_R4","WMEAN_IPM_R4","MIN_IPM_R4","MAX_IPM_R4","MED_IYCC_R2","MEAN_IYCC_R2","MIN_IYCC_R2","MAX_IYCC_R2","MED_IYCC_R3","MEAN_IYCC_R3","MIN_IYCC_R3","MAX_IYCC_R3","MED_IYCC_R4","MEAN_IYCC_R4","MIN_IYCC_R4","MAX_IYCC_R4","MED_YLPH_R2","MEAN_YLPH_R2","WMEAN_YLPH_R2","MIN_YLPH_R2","MAX_YLPH_R2","MED_YLPH_R3","MEAN_YLPH_R3","WMEAN_YLPH_R3","MIN_YLPH_R3","MAX_YLPH_R3","MED_YLPH_R4","MEAN_YLPH_R4","WMEAN_YLPH_R4","MIN_YLPH_R4","MAX_YLPH_R4","CELLS_R"
"1","Afghanistan","Asia","Southern Asia",34.0731707317073,34.0235214116338,1.20000004845513,1.45339434168533,1.78198424284425,1.19999998775045,4.22264621818443,5446.32367412056,305.634041096452,379.150128611533,1355.2447198061,0.33683474,0.349713143902439,0.344366382376065,0.24768885,0.46267784,0.38135392,0.428455050731707,0.42797610643918,0.22996864,0.81301093,0.46697915,1.5866337964878,1.54671032627686,-0.97256716,6.25,0.055530584,0.0564416138121951,0.039630216,0.0763418436,0.0630664432,0.0690710779390244,0.0367949824,0.1300817488,0.07884636,0.254356378886829,-0.1583396331,1,0.0714132066824102,0.0818777901657078,0.0989896950004435,0.047556260492404,0.238253728259982,0.0857637797668829,0.0975499196611205,0.118851195582013,0.0441539800799426,0.27212559453452,0.116152088530137,0.317755264451083,0.340844624289823,-0.372102447284679,1.20000006824003,41
"2","Albania","Europe","Southern Europe",40,40.3124977454823,5.4591275658403,5.4591275658403,4.77723489414376,3.27705527394509,7.64119985773552,61.5371111429333,1.27000845630658,0.855637894730321,-3.15183383478837,0.252011265,0.252011265,0.249240374053117,0.24314435,0.26087818,0.189448865,0.189448865,0.172988972812538,0.13677683,0.2421209,-0.385621495,-0.385621495,-0.556725121508874,-0.93315705,0.16191406,0.02007223205,0.02007223205,0.0182614726,0.0218829915,0.01462918885,0.01462918885,0.0123099147,0.016948463,-0.03632507515,-0.03632507515,-0.0839841345,0.0113339842,0.105625667268966,0.105625667268966,0.095027651677132,0.0717117727047705,0.139539561833161,0.0849234319769425,0.0849234319769425,0.0709912946506287,0.0403402708894491,0.129506593064436,-0.0943077062171609,-0.0943077062171609,-0.150842593556272,-0.275220650890938,0.0866052384566167,2
"3","Algeria","Africa","Northern Africa",NA,NA,NA,NA,NA,NA,NA,NA,NA,NA,NA,NA,NA,NA,NA,NA,NA,NA,NA,NA,NA,NA,NA,NA,NA,NA,NA,NA,NA,NA,NA,NA,NA,NA,NA,NA,NA,NA,NA,NA,NA,NA,NA,NA,NA,NA,NA,NA,NA,NA,NA,NA,NA,NA
"4","Angola","Africa","Middle Africa",-11.7076923076923,-7.40204130929758,1.53566735716355,1.58358933189396,0.994618461871414,0.78668844108171,1.97000006441905,770.917401980208,19.3757357843007,14.5171709349637,7.48773917562842,0.13972038,0.142559859692308,0.139679958237301,0.10168237,0.19530405,0.10126733,0.105512933553846,0.104658815975718,0.048496772,0.18817461,0.040421505,0.05029579742,0.0539902265682178,-0.051022077,0.17977087,0.0251496684,0.0256110032584615,0.0183028266,0.035154729,0.0182281194,0.0189507559566154,0.00872941896,0.0338714298,0.0072758709,0.0090231058396,-0.00918397386,0.0323587566,0.0424124151922438,0.0409592556847584,0.0249557468760469,0.0161848146962721,0.0673666573855355,0.0285549756249504,0.0305909283553502,0.0185813419327492,0.00810855450203418,0.0599188693482263,0.0132537332261676,0.0152803934496327,0.0093319544404482,-0.00752301702757644,0.0519821449747994,65
"5","Argentina","Americas","South America",-32.8269230769231,-31.1263843353766,4.64525758634159,4.83292644395843,5.55098169785618,1.85624468633977,6.33884116526055,20599.5069957061,438.078236213219,419.080785227149,393.352204049798,0.141783265,0.150847691923077,0.163588021157883,0.12171156,0.20031314,0.139954305,0.144142676288462,0.156493956315222,0.071224576,0.18934812,0.14017342,0.134936489807692,0.146886339834694,-0.011365985,0.17803598,0.01843182445,0.01961019995,0.0158225028,0.0260407082,0.01819405965,0.0187385479175,0.00925919488,0.0246152556,0.0182225446,0.017541743675,-0.00147757805,0.0231446774,0.0911481979526893,0.0947058422325939,0.11820926036426,0.0293704367516711,0.152487046272151,0.086368101322193,0.0913097844223417,0.113768358240831,0.0171873312984616,0.136505400568567,0.0804055710547819,0.0867917990857389,0.107895879394052,-0.00274274640439201,0.126272396824564,52
"6","Armenia","Asia","Western Asia",NA,NA,NA,NA,NA,NA,NA,NA,NA,NA,NA,NA,NA,NA,NA,NA,NA,NA,NA,NA,NA,NA,NA,NA,NA,NA,NA,NA,NA,NA,NA,NA,NA,NA,NA,NA,NA,NA,NA,NA,NA,NA,NA,NA,NA,NA,NA,NA,NA,NA,NA,NA,NA,NA
"7","Australia","Oceania","Australia and New Zealand",-35.75,-34.9291571726433,8.72600937630104,8.70986120339485,8.8523398200236,8.02022907474887,9.3248539738742,30271.5312973036,469.399017295715,474.370142289921,481.993754202222,0.212439175,0.21166732,0.221518369230266,0.1765807,0.23649783,0.21685753,0.2150871335,0.223864338142388,0.17787879,0.24259906,0.22134886,0.220302565,0.227462066335741,0.17991855,0.25591584,0.01487074225,0.0148167124,0.012360649,0.0165548481,0.0151800271,0.015056099345,0.0124515153,0.0169819342,0.0154944202,0.01542117955,0.0125942985,0.0179141088,0.131054183078854,0.129354449068665,0.137344366135308,0.100298984563678,0.153840433249794,0.133937265739368,0.131439615986919,0.138777152238424,0.100901445725246,0.152602217809547,0.135114275045454,0.134620828045448,0.14097623121689,0.10185375328917,0.157851222194161,20
"8","Austria","Europe","Western Europe",NA,NA,NA,NA,NA,NA,NA,NA,NA,NA,NA,NA,NA,NA,NA,NA,NA,NA,NA,NA,NA,NA,NA,NA,NA,NA,NA,NA,NA,NA,NA,NA,NA,NA,NA,NA,NA,NA,NA,NA,NA,NA,NA,NA,NA,NA,NA,NA,NA,NA,NA,NA,NA,NA
"9","Azerbaijan","Asia","Western Asia",40.5,40.6088086374634,4.65000003152559,4.39833341079451,4.10150155555598,3.14000014906949,4.6500001586078,349.300832933368,14.6149855253179,15.1174561276412,19.1983670728468,0.257219395,0.264045051666667,0.272123073313947,0.23658194,0.30421964,0.255443625,0.268901663333333,0.283441142937139,0.23594761,0.33763849,0.25486251,0.309884575,0.373703010132859,0.23479836,0.5896339,0.04229900135,0.04285952785,0.0395485532,0.0478413405,0.04342541625,0.0434623595,0.0401110937,0.0480271063,0.0433266267,0.0487494850833333,0.0399157212,0.076652407,0.196690359444406,0.189343755091702,0.172866857482146,0.124182462943482,0.222462232415492,0.197455346098762,0.191053569001905,0.177172975986844,0.137824038161107,0.223326043381961,0.201468817232256,0.20739425396008,0.21353083309716,0.185608109910945,0.240688569406535,6
"10","Bangladesh","Asia","Southern Asia",24,24.0948907560931,3.27511511999194,3.11544307275318,3.31518498780733,1.9069032133079,3.7027355789511,582301.059518662,19201.4624128917,20374.1480216114,21843.3960978724,0.181628785,0.18254589125,0.183195255167337,0.17706062,0.18728279,0.19296537,0.19337288625,0.19438348837067,0.18683951,0.19903066,0.20709075,0.20705930625,0.208401132987886,0.19906256,0.21461174,0.0326931813,0.032858260425,0.0318709116,0.0337109022,0.0347337666,0.034807119525,0.0336311118,0.0358255188,0.037276335,0.037270675125,0.0358312608,0.0386301132,0.107072862938712,0.102265854210524,0.109344610406794,0.0642834277286883,0.12203740305897,0.11377049120724,0.108357578781945,0.116056263724739,0.0683157969181426,0.129980572469782,0.122116146105215,0.116026800263575,0.12445176358848,0.0736638869915279,0.140224824250289,8
"11","Belarus","Europe","Eastern Europe",NA,NA,NA,NA,NA,NA,NA,NA,NA,NA,NA,NA,NA,NA,NA,NA,NA,NA,NA,NA,NA,NA,NA,NA,NA,NA,NA,NA,NA,NA,NA,NA,NA,NA,NA,NA,NA,NA,NA,NA,NA,NA,NA,NA,NA,NA,NA,NA,NA,NA,NA,NA,NA,NA
"12","Belgium","Europe","Western Europe",NA,NA,NA,NA,NA,NA,NA,NA,NA,NA,NA,NA,NA,NA,NA,NA,NA,NA,NA,NA,NA,NA,NA,NA,NA,NA,NA,NA,NA,NA,NA,NA,NA,NA,NA,NA,NA,NA,NA,NA,NA,NA,NA,NA,NA,NA,NA,NA,NA,NA,NA,NA,NA,NA
"13","Belize","Americas","Central America",NA,NA,NA,NA,NA,NA,NA,NA,NA,NA,NA,NA,NA,NA,NA,NA,NA,NA,NA,NA,NA,NA,NA,NA,NA,NA,NA,NA,NA,NA,NA,NA,NA,NA,NA,NA,NA,NA,NA,NA,NA,NA,NA,NA,NA,NA,NA,NA,NA,NA,NA,NA,NA,NA
"14","Benin","Africa","Western Africa",12,12,1.45773413458891,1.45773413458891,1.45773413458891,1.45773413458891,1.45773413458891,56.1644585686256,2.48741260821201,2.93645213858401,3.65837410462022,0.24604455,0.24604455,0.24604455,0.24604455,0.24604455,0.29046168,0.29046168,0.29046168,0.29046168,0.29046168,0.36187121,0.36187121,0.36187121,0.36187121,0.36187121,0.044288019,0.044288019,0.044288019,0.044288019,0.0522831024,0.0522831024,0.0522831024,0.0522831024,0.0651368178,0.0651368178,0.0651368178,0.0651368178,0.0645601570496224,0.0645601570496224,0.0645601570496224,0.0645601570496224,0.0645601570496224,0.0762148630306876,0.0762148630306876,0.0762148630306876,0.0762148630306876,0.0762148630306876,0.0949521627255588,0.0949521627255588,0.0949521627255588,0.0949521627255588,0.0949521627255588,1
"15","Bhutan","Asia","Southern Asia",27,27,2.11967616974876,2.07352590452272,2.42550867355166,1.24436195594837,2.81038932264498,1733.80204312004,71.8412567412046,80.5492999846101,100.021444583215,0.22173562,0.2234312325,0.230198190497265,0.20581736,0.24443633,0.243522185,0.24706814,0.258101040312726,0.21905267,0.28217552,0.28589067,0.2976454275,0.320494888291294,0.24304938,0.37575099,0.0399124116,0.04021762185,0.0370471248,0.0439985394,0.0438339933,0.0444722652,0.0394294806,0.0507915936,0.0514603206,0.05357617695,0.0437488884,0.0676351782,0.0907367592457413,0.0839886466240065,0.10010271403256,0.0461000326783913,0.108381035326152,0.101018630227906,0.0931790169205593,0.11205420667416,0.0490645456014443,0.121614261624981,0.117823538655336,0.113007673869864,0.138667502618667,0.0544394523399909,0.161944165828792,4
"16","Bolivia","Americas","South America",-17.9166666666667,-17.7405948761011,2.15788427076845,1.84446944462181,2.04941521705699,1.22681746061173,2.15788443973734,7395.49808940334,160.496072176814,128.59182101837,70.9268281573148,0.166329665,0.149912722111111,0.166937392947184,0.062794575,0.18762715,0.14059759,0.101868574513889,0.133752702256091,-0.12492019,0.16542092,0.1041520905,-0.000588009483055556,0.0737733928438504,-0.90925982,0.13726002,0.02162285645,0.0194886538744444,0.00816329475,0.0243915295,0.0182776867,0.0132429146868056,-0.0162396247,0.0215047196,0.013539771765,-7.64412327972223e-05,-0.1182037766,0.0178438026,0.0448070573961175,0.0373266028907674,0.0452854223758879,0.011534987378351,0.0526340991078686,0.0369589759989726,0.0272569816168017,0.037298707542384,-0.0229470903305921,0.0464046972828548,0.0268727502948581,0.00690401590147855,0.0238593309872247,-0.167025580280641,0.0385048618828779,36
"17","Bosnia and Herzegovina","Europe","Southern Europe",NA,NA,NA,NA,NA,NA,NA,NA,NA,NA,NA,NA,NA,NA,NA,NA,NA,NA,NA,NA,NA,NA,NA,NA,NA,NA,NA,NA,NA,NA,NA,NA,NA,NA,NA,NA,NA,NA,NA,NA,NA,NA,NA,NA,NA,NA,NA,NA,NA,NA,NA,NA,NA,NA
"18","Botswana","Africa","Southern Africa",-20,-21.5874753300315,1.4854064635254,1.4854064635254,2.02879415060081,0.800812911996488,2.17000001505432,0.358194446115486,0.0121256640117784,0.0112926775688782,0.0102325065843496,0.2052667,0.2052667,0.190631129942307,0.1868279,0.2237055,0.193264525,0.193264525,0.177589083196059,0.17351563,0.21301342,0.178180145,0.178180145,0.160994895096549,0.1565291,0.19983119,0.034710951,0.034710951,0.033629022,0.03579288,0.0326574803,0.0326574803,0.0312328134,0.0340821472,0.0300741142,0.0300741142,0.028175238,0.0319729904,0.0508191893539014,0.0508191893539014,0.0684050734959057,0.0286634004615409,0.0729749782462619,0.0475343145472568,0.0475343145472568,0.0636002721081749,0.027293423546325,0.0677752055481887,0.0433723252158094,0.0433723252158094,0.0574754097477813,0.0256043835474598,0.061140266884159,2
"19","Brazil","Americas","South America",-21.9555555555556,-28.219578495234,1.89772939950165,2.19198361373443,4.13098013486641,0.556873397309959,5.75206755764951,82835.4470440995,1445.31130908871,1058.8593611934,469.120874339292,0.13083351,0.131123386433333,0.134215238734253,0.083412839,0.15766118,0.0944290645,0.0929398754277778,0.0983283400986992,-0.0012621505,0.14517679,0.0397057955,0.0346812206293667,0.0435637428066406,-0.19050698,0.13817621,0.0170083563,0.0170460402363333,0.01084366907,0.0204959534,0.012275778385,0.0120821838056111,-0.000164079565,0.0188729827,0.005161753415,0.00450855868181767,-0.0247659074,0.0179629073,0.0304768221638039,0.0374833076832325,0.072228387007432,0.0091250944389655,0.0921453198036897,0.021774485913111,0.0267498793522484,0.0531891012977485,-0.0001903526527096,0.0673845442696501,0.00977823543046628,0.0104272311144644,0.0241026365314777,-0.0287315252837872,0.0372997897734778,90
"20","Brunei Darussalam","Asia","South-Eastern Asia",NA,NA,NA,NA,NA,NA,NA,NA,NA,NA,NA,NA,NA,NA,NA,NA,NA,NA,NA,NA,NA,NA,NA,NA,NA,NA,NA,NA,NA,NA,NA,NA,NA,NA,NA,NA,NA,NA,NA,NA,NA,NA,NA,NA,NA,NA,NA,NA,NA,NA,NA,NA,NA,NA
"21","Bulgaria","Europe","Eastern Europe",42.6666666666667,42.2735253597058,2.22850728337805,2.46073132407102,3.00594479641819,1.8900293255132,3.26365736332182,184.495573287923,3.84622850667651,2.45093633504816,-3.86684166993332,0.22821331,0.236280656666667,0.231636301808241,0.22604794,0.25458072,0.14415258,0.17122803,0.1476058501549,0.13222675,0.23730476,-0.23329193,-0.111425016666667,-0.232877714505663,-0.31053847,0.20955535,0.0205391979,0.0212652591,0.0203443146,0.0229122648,0.0129737322,0.0154105227,0.0119004075,0.0213574284,-0.0209962737,-0.0100282515,-0.0279484623,0.0188599815,0.0510601489854865,0.0521814682166706,0.0624318069929507,0.0384513512014663,0.0670329044630591,0.0388388525639052,0.0369849238756284,0.0388257699237467,0.0245207343193548,0.0475951847436252,-0.0396835730195015,-0.0296227238870978,-0.0686344185248654,-0.0912142047789173,0.0420296061371253,3
"22","Burkina Faso","Africa","Western Africa",13,13.0833329574943,2.47556334574252,2.46258652014182,2.46163452905039,2.42547350072462,2.48672271395832,210.842965274059,9.16883985490317,10.2860281778065,12.0192324930108,0.24046302,0.241346216666667,0.241592121073122,0.24011871,0.24345692,0.27466481,0.271668006666667,0.271029203718208,0.25806983,0.28226938,0.322527,0.318934383333333,0.31669785028524,0.28498388,0.34929227,0.0432833436,0.043442319,0.0432213678,0.0438222456,0.0494396658,0.0489002412,0.0464525694,0.0508084884,0.05805486,0.057408189,0.0512970984,0.0628726086,0.107633673666182,0.106983566955214,0.107051938704157,0.104832282263972,0.108484744935486,0.12239102448024,0.120469040922226,0.120136143772785,0.112669476120271,0.126346622166168,0.143718483458213,0.141494993394303,0.14043886534208,0.124419752833263,0.156346743891431,3
"23","Burma","Asia","South-Eastern Asia",20.6530612244898,17.9178609791787,3.03603410866176,3.13838900119785,3.40729079140164,1.79066703690132,5.77125877983955,526871.636154278,13551.382974401,13951.2808717556,14432.4038304481,0.17728712,0.175759778163265,0.161845435631416,0.1380416,0.20304259,0.1814916,0.178891378571429,0.166495931558241,0.1388164,0.20873704,0.18623571,0.182392302653061,0.172071131930059,0.13615329,0.2174568,0.0279675776,0.0275316957193878,0.022086656,0.0345018726,0.028971456,0.0280707681336735,0.0207751824,0.0360939276,0.0297504945,0.0286971203153061,0.017803968,0.0383361426,0.0884896876868669,0.0858104126847026,0.0873604031017198,0.0499151411835821,0.13549576452176,0.0904557145764534,0.0874326000976075,0.0899720861292301,0.0454598211116835,0.134761390310053,0.0925540681612197,0.0892321210676572,0.0931192922270391,0.0389582716904636,0.133699633364298,49
"24","Burundi","Africa","East Africa",NA,NA,NA,NA,NA,NA,NA,NA,NA,NA,NA,NA,NA,NA,NA,NA,NA,NA,NA,NA,NA,NA,NA,NA,NA,NA,NA,NA,NA,NA,NA,NA,NA,NA,NA,NA,NA,NA,NA,NA,NA,NA,NA,NA,NA,NA,NA,NA,NA,NA,NA,NA,NA,NA
"25","Cambodia","Asia","South-Eastern Asia",14,14,1.97467370468648,1.97467370468648,1.96709375313447,1.94413747157187,2.00520993780108,44798.9133196548,1162.82343893302,1196.58098559184,1238.49542542444,0.162189435,0.162189435,0.162228187132003,0.16203332,0.16234555,0.167005275,0.167005275,0.166937780534687,0.16673337,0.16727718,0.172987405,0.172987405,0.172785360967822,0.17217346,0.17380135,0.0259503096,0.0259503096,0.0259253312,0.025975288,0.026720844,0.026720844,0.0266773392,0.0267643488,0.0276779848,0.0276779848,0.0275477536,0.027808216,0.0512426312493477,0.0512426312493477,0.0510581728103909,0.0504995307356711,0.0519857317630243,0.0527662764865437,0.0527662764865437,0.0525424090562564,0.0518644147805531,0.0536681381925343,0.0546589655535539,0.0546589655535539,0.0543853324037078,0.0535566200313889,0.0557613110757189,2
"26","Cameroon","Africa","Middle Africa",7.35294117647059,7.29632805148843,2.58393529877429,3.00755645081427,3.10204423191622,1.04791029228983,7.32757711235944,1645.15429500667,55.1749266148105,57.7743586084391,62.7753789821509,0.17103988,0.184028624117647,0.186321350533895,0.15880301,0.24491512,0.16795458,0.18976413,0.195099426181465,0.14899597,0.28279001,0.16774214,0.200738819411765,0.211987475287223,0.13443431,0.3740644,0.0307871784,0.0331251523411765,0.0285845418,0.0440847216,0.0302318244,0.0341575434,0.0268192746,0.0509022018,0.0301935852,0.0361329874941176,0.0241981758,0.067331592,0.083203365396066,0.0985031846146553,0.101156552183936,0.0380247428077199,0.24803748870288,0.0816177552601607,0.101035154514932,0.103387807968744,0.0390299004559049,0.25284509885666,0.086714429169525,0.105658407966013,0.107576659016711,0.0403071178316665,0.25879156837282,17
"27","Canada","Americas","Northern America",NA,NA,NA,NA,NA,NA,NA,NA,NA,NA,NA,NA,NA,NA,NA,NA,NA,NA,NA,NA,NA,NA,NA,NA,NA,NA,NA,NA,NA,NA,NA,NA,NA,NA,NA,NA,NA,NA,NA,NA,NA,NA,NA,NA,NA,NA,NA,NA,NA,NA,NA,NA,NA,NA
"28","Central African Republic","Africa","Middle Africa",8,8,1.365957123267,1.365957123267,1.20813870503664,1.14115177827652,1.59076246825749,19.7419741970013,0.724310159782296,0.81383807710521,0.972306711788917,0.19621295,0.19621295,0.20682482794638,0.1810968,0.2113291,0.204531215,0.204531215,0.231764483871014,0.16573863,0.2433238,0.221963135,0.221963135,0.276015040682139,0.14496859,0.29895768,0.033507363,0.033507363,0.028975488,0.038039238,0.0351582324,0.0351582324,0.0265181808,0.043798284,0.0385036784,0.0385036784,0.0231949744,0.0538123824,0.0447508314489146,0.0447508314489146,0.0438085154727457,0.0434085440879839,0.0460931188098453,0.0460823082075833,0.0460823082075833,0.0488189194421814,0.0421841267431064,0.0499804896720602,0.0491528952983848,0.0491528952983848,0.0577563222731352,0.0368976947277133,0.0614080958690563,2
"29","Chad","Africa","Middle Africa",10.5,9.19676599261015,1.27972031979265,1.63825285411547,1.34464392813513,0.978130165481353,2.8121242761107,399.285767565873,16.463676248714,20.2080580994281,27.0709831055587,0.221816785,0.2177355375,0.229344689377134,0.19306926,0.23222934,0.26148195,0.246974428333333,0.281407559586882,0.16912107,0.29127875,0.323452565,0.298514940833333,0.376836696344361,0.10519708,0.40152796,0.0399270213,0.0387748512375,0.0328217742,0.0418012812,0.047066751,0.0440921607541667,0.02790497655,0.052430175,0.0582214617,0.0534610483083333,0.0173575182,0.0722750328,0.0493842168912355,0.0640547115374509,0.0554062510111619,0.0398364831173628,0.117113277820119,0.0542001475105452,0.0730379170590751,0.0677928403710783,0.0421365140501363,0.135246059884773,0.068118172501565,0.0886817353144239,0.0904249912605987,0.0262098521458817,0.173713945118303,12
"30","Chile","Americas","South America",-36.25,-35.7273156996758,4.59709129140151,4.59225559070953,4.58362129105723,4.5715159795225,4.60977131245239,4218.77120583679,82.4252958258601,68.8800546081812,44.2977095129201,0.15584836,0.16047431625,0.150290382243244,0.13125977,0.20352608,0.119720175,0.1425740675,0.125592630663646,0.10138462,0.22773983,0.0907241255,0.112323583375,0.0807703463905337,-0.070552064,0.34212729,0.0202602868,0.0208616611125,0.0170637701,0.0264583904,0.01556362275,0.018534628775,0.0131800006,0.0296061779,0.011794136315,0.01460206583875,-0.00917176832,0.0444765477,0.0926202266055189,0.0958173150524191,0.0895465119313659,0.0786600768205937,0.121967127849812,0.0714547520539653,0.0851758462450792,0.0748494734979072,0.0602525833530162,0.136477708223459,0.0543682707847669,0.0672362216326168,0.0481783478385319,-0.0419288854353583,0.205026711664371,8
"31","China","Asia","Eastern Asia",35.1572769953052,29.620470358932,5.87208752407202,5.99735202529303,6.7198595103322,0.720206976051766,11.8235793384302,4606387.74702567,140746.234422383,178437.801017292,315822.780242353,0.246422395,0.249643426713615,0.254620599651817,0.16974571,0.63893253,0.25063967,0.287562582373654,0.322802482928501,-0.99936075,5.88235294117647,0.26466278,0.420505061359665,0.571342893763946,-0.99936075,8.33333333333333,0.0295706874,0.0300465549062793,0.0203694852,0.0766719036,0.0300767604,0.0351580126642019,-0.11992329,1,0.0317595336,0.0511901603152346,-0.11992329,1,0.175859410971151,0.179621677028544,0.201717191782132,0.0210095659117201,0.506548182261362,0.19252225384829,0.20500036112587,0.25111135346234,-0.469850547419668,2.65000006896293,0.209437394097871,0.290836387909319,0.428540033556108,-1.17688385600913,5.50238123363649,426
"32","Colombia","Americas","South America",6.05,7.08978478393057,4.18848768906992,3.71471364834123,4.11613591324896,1.33950316704295,5.60043688438575,3885.89348183772,64.1329765642516,42.9987569162509,13.0169470231461,0.128167235,0.1272641225,0.126954223336682,0.10222198,0.15234368,0.092283375,0.0883738414,0.0851180481741156,0.043393816,0.13071659,0.0462838925,0.03387589324,0.025767654770906,-0.058257374,0.11275604,0.01666174055,0.016544335925,0.0132888574,0.0198046784,0.01199683875,0.011488599382,0.00564119608,0.0169931567,0.006016906025,0.0044038661212,-0.00757345862,0.0146582852,0.0689727459322176,0.0615007442119198,0.0677891111798963,0.021946197129455,0.0843014520415212,0.0433136787170371,0.0424599222393519,0.0446128548408209,0.0143613522408036,0.0723338069745734,0.0157137006012522,0.0155685336554448,0.0114431672541707,-0.0384428705352073,0.062976865704672,20
"33","Congo","Africa","Middle Africa",NA,NA,NA,NA,NA,NA,NA,NA,NA,NA,NA,NA,NA,NA,NA,NA,NA,NA,NA,NA,NA,NA,NA,NA,NA,NA,NA,NA,NA,NA,NA,NA,NA,NA,NA,NA,NA,NA,NA,NA,NA,NA,NA,NA,NA,NA,NA,NA,NA,NA,NA,NA,NA,NA
"34","Costa Rica","Americas","Central America",NA,NA,NA,NA,NA,NA,NA,NA,NA,NA,NA,NA,NA,NA,NA,NA,NA,NA,NA,NA,NA,NA,NA,NA,NA,NA,NA,NA,NA,NA,NA,NA,NA,NA,NA,NA,NA,NA,NA,NA,NA,NA,NA,NA,NA,NA,NA,NA,NA,NA,NA,NA,NA,NA
"35","Croatia","Europe","Southern Europe",NA,NA,NA,NA,NA,NA,NA,NA,NA,NA,NA,NA,NA,NA,NA,NA,NA,NA,NA,NA,NA,NA,NA,NA,NA,NA,NA,NA,NA,NA,NA,NA,NA,NA,NA,NA,NA,NA,NA,NA,NA,NA,NA,NA,NA,NA,NA,NA,NA,NA,NA,NA,NA,NA
"36","Cuba","Americas","Caribbean",NA,NA,NA,NA,NA,NA,NA,NA,NA,NA,NA,NA,NA,NA,NA,NA,NA,NA,NA,NA,NA,NA,NA,NA,NA,NA,NA,NA,NA,NA,NA,NA,NA,NA,NA,NA,NA,NA,NA,NA,NA,NA,NA,NA,NA,NA,NA,NA,NA,NA,NA,NA,NA,NA
"37","Czech Republic","Europe","Eastern Europe",NA,NA,NA,NA,NA,NA,NA,NA,NA,NA,NA,NA,NA,NA,NA,NA,NA,NA,NA,NA,NA,NA,NA,NA,NA,NA,NA,NA,NA,NA,NA,NA,NA,NA,NA,NA,NA,NA,NA,NA,NA,NA,NA,NA,NA,NA,NA,NA,NA,NA,NA,NA,NA,NA
"38","Democratic Republic of the Congo","Africa","Middle Africa",-7.09302325581395,-2.97838997771307,0.786688448757123,0.847488963925467,0.868227058860386,0.655573734709022,1.81976651356066,5172.22141172959,114.980699577409,69.9666235106951,-2.18607262687808,0.12839513,0.127039027023256,0.123959502096101,0.052481354,0.1772028,0.081845165,0.0745745411627907,0.0753879825533389,-0.16824731,0.16460559,0.01113614,-0.0113289384530233,-0.00248739494767676,-0.73347991,0.14836093,0.0231111234,0.0227110423374419,0.00944664372,0.028352448,0.0147321297,0.0133365072839535,-0.02944327925,0.0263368944,0.0020045052,-0.0020049565748,-0.12835898425,0.0237377488,0.0187026592636319,0.0190448039640875,0.0186632122285241,0.0067058787353687,0.0364253607861266,0.011693793213829,0.0109243617833018,0.0104282028510201,-0.0252141163534578,0.0263636563677204,0.00192060905854385,-0.00240459558651275,-0.00305589088789958,-0.109921803764136,0.0237618696723205,43
"39","Denmark","Europe","Northern Europe",NA,NA,NA,NA,NA,NA,NA,NA,NA,NA,NA,NA,NA,NA,NA,NA,NA,NA,NA,NA,NA,NA,NA,NA,NA,NA,NA,NA,NA,NA,NA,NA,NA,NA,NA,NA,NA,NA,NA,NA,NA,NA,NA,NA,NA,NA,NA,NA,NA,NA,NA,NA,NA,NA
"40","Dominican Republic","Americas","Caribbean",NA,NA,NA,NA,NA,NA,NA,NA,NA,NA,NA,NA,NA,NA,NA,NA,NA,NA,NA,NA,NA,NA,NA,NA,NA,NA,NA,NA,NA,NA,NA,NA,NA,NA,NA,NA,NA,NA,NA,NA,NA,NA,NA,NA,NA,NA,NA,NA,NA,NA,NA,NA,NA,NA
"41","Ecuador","Americas","South America",-1.53846153846154,-3.17043566417792,1.83379064009478,2.48534637968835,4.68340445002066,1.13083755593522,6.49467493748171,25265.7887344203,426.377983971792,337.761271036358,407.088094688254,0.13793163,0.158698315384615,0.129813111334564,0.08417187,0.32247938,0.12464278,0.176059396907692,0.10283326796828,0.0038390188,0.63485944,0.10736755,1.08373939486982,0.12394019894385,-0.13949273,7.69230769230769,0.0179311119,0.020630781,0.0109423431,0.0419223194,0.0162035614,0.022887721598,0.000499072444,0.0825317272,0.0139577815,0.140886121333077,-0.0181340549,1,0.0389551519468627,0.0477972317981773,0.0802267130971502,0.0225742123697705,0.146460535785631,0.0355605859356989,0.0464714064130141,0.0626042263786861,0.00102959368352802,0.140744572373153,0.0218518774326554,0.18727647024809,0.0459154352747251,-0.0374108180210212,1.13083755593522,13
"42","Egypt","Africa","Northern Africa",30,30,9.67950935124845,9.67950935124845,9.67950935124845,9.67950935124845,9.67950935124845,92801.4033347446,1471.96277729301,1311.35331881076,1095.82384135276,0.19826785,0.19826785,0.19826785,0.19826785,0.19826785,0.17663436,0.17663436,0.17663436,0.17663436,0.17663436,0.14760335,0.14760335,0.14760335,0.14760335,0.14760335,0.015861428,0.015861428,0.015861428,0.015861428,0.0141307488,0.0141307488,0.0141307488,0.0141307488,0.011808268,0.011808268,0.011808268,0.011808268,0.153530840650154,0.153530840650154,0.153530840650154,0.153530840650154,0.153530840650154,0.136778715149743,0.136778715149743,0.136778715149743,0.136778715149743,0.136778715149743,0.114298240528048,0.114298240528048,0.114298240528048,0.114298240528048,0.114298240528048,1
"43","El Salvador","Americas","Central America",14,14,3.37906093305186,3.37906093305186,3.37906093305186,3.37906093305186,3.37906093305186,88.1373889269484,1.88891126830943,1.78546981774781,1.65607700048828,0.16485724,0.16485724,0.16485724,0.16485724,0.16485724,0.15582925,0.15582925,0.15582925,0.15582925,0.15582925,0.14453632,0.14453632,0.14453632,0.14453632,0.14453632,0.0214314412,0.0214314412,0.0214314412,0.0214314412,0.0202578025,0.0202578025,0.0202578025,0.0202578025,0.0187897216,0.0187897216,0.0187897216,0.0187897216,0.072418145697918,0.072418145697918,0.072418145697918,0.072418145697918,0.072418145697918,0.0684523490172302,0.0684523490172302,0.0684523490172302,0.0684523490172302,0.0684523490172302,0.0634916142014806,0.0634916142014806,0.0634916142014806,0.0634916142014806,0.0634916142014806,1
"44","Equatorial Guinea","Africa","Middle Africa",NA,NA,NA,NA,NA,NA,NA,NA,NA,NA,NA,NA,NA,NA,NA,NA,NA,NA,NA,NA,NA,NA,NA,NA,NA,NA,NA,NA,NA,NA,NA,NA,NA,NA,NA,NA,NA,NA,NA,NA,NA,NA,NA,NA,NA,NA,NA,NA,NA,NA,NA,NA,NA,NA
"45","Eritrea","Africa","East Africa",NA,NA,NA,NA,NA,NA,NA,NA,NA,NA,NA,NA,NA,NA,NA,NA,NA,NA,NA,NA,NA,NA,NA,NA,NA,NA,NA,NA,NA,NA,NA,NA,NA,NA,NA,NA,NA,NA,NA,NA,NA,NA,NA,NA,NA,NA,NA,NA,NA,NA,NA,NA,NA,NA
"46","Estonia","Europe","Northern Europe",NA,NA,NA,NA,NA,NA,NA,NA,NA,NA,NA,NA,NA,NA,NA,NA,NA,NA,NA,NA,NA,NA,NA,NA,NA,NA,NA,NA,NA,NA,NA,NA,NA,NA,NA,NA,NA,NA,NA,NA,NA,NA,NA,NA,NA,NA,NA,NA,NA,NA,NA,NA,NA,NA
"47","Ethiopia","Africa","East Africa",8.6875,9.07921520357543,0.79000002248341,0.790000024755713,0.790000025336373,0.789999997534792,0.790000057124305,50.3542456724658,1.05378377403528,0.320997155149525,-1.43879645871129,0.116779055,0.1272113380625,0.130796291350699,0.044616883,0.21212789,0.0260717235,0.03518830576875,0.0398423646882582,-0.19588836,0.19910268,-0.161758905,-0.18800171484375,-0.178584303008688,-0.9904779,0.19307862,0.0186846488,0.02035381409,0.00713870128,0.0339404624,0.00417147576,0.005630128923,-0.0313421376,0.0318564288,-0.0258814248,-0.030080274375,-0.158476464,0.0308925792,0.0147608729568946,0.0160795136472894,0.0165326517480347,0.00563957417807747,0.0268129656824302,0.00329546604096549,0.00444780202322085,0.00503607504298194,-0.0247602890018522,0.0251665791147024,-0.0204463266452147,-0.0237634173942972,-0.0225730566781515,-0.125196408066042,0.0244051386049199,32
"48","Fiji","Oceania","Melanesia",NA,NA,NA,NA,NA,NA,NA,NA,NA,NA,NA,NA,NA,NA,NA,NA,NA,NA,NA,NA,NA,NA,NA,NA,NA,NA,NA,NA,NA,NA,NA,NA,NA,NA,NA,NA,NA,NA,NA,NA,NA,NA,NA,NA,NA,NA,NA,NA,NA,NA,NA,NA,NA,NA
"49","Finland","Europe","Northern Europe",NA,NA,NA,NA,NA,NA,NA,NA,NA,NA,NA,NA,NA,NA,NA,NA,NA,NA,NA,NA,NA,NA,NA,NA,NA,NA,NA,NA,NA,NA,NA,NA,NA,NA,NA,NA,NA,NA,NA,NA,NA,NA,NA,NA,NA,NA,NA,NA,NA,NA,NA,NA,NA,NA
"50","France","Europe","Western Europe",43.5,43.928483943205,5.90583526238163,5.84954909465855,6.16299374562455,5.3698434071954,6.21668244667554,14687.2023294941,275.720111419363,269.304028328325,260.117146936794,0.26561281,0.2665013525,0.268183051216807,0.24853993,0.28623986,0.25657601,0.25690135,0.261942357596899,0.23947655,0.27497683,0.24358714,0.242236545,0.253006607969988,0.2265289,0.255243,0.0185928967,0.018655094675,0.0173977951,0.0200367902,0.0179603207,0.0179830945,0.0167633585,0.0192483781,0.0170510998,0.01695655815,0.015857023,0.01786701,0.109837619471789,0.109173047261367,0.115717929033209,0.0986829649575841,0.118333985144304,0.106339692124219,0.10528829231406,0.113046766260313,0.0940594658828523,0.114414319124951,0.0995842917928489,0.0993476921999315,0.109223426959509,0.0873818685327517,0.110840316681277,4
"51","French Guiana","Americas","South America",NA,NA,NA,NA,NA,NA,NA,NA,NA,NA,NA,NA,NA,NA,NA,NA,NA,NA,NA,NA,NA,NA,NA,NA,NA,NA,NA,NA,NA,NA,NA,NA,NA,NA,NA,NA,NA,NA,NA,NA,NA,NA,NA,NA,NA,NA,NA,NA,NA,NA,NA,NA,NA,NA
"52","Gabon","Africa","Middle Africa",NA,NA,NA,NA,NA,NA,NA,NA,NA,NA,NA,NA,NA,NA,NA,NA,NA,NA,NA,NA,NA,NA,NA,NA,NA,NA,NA,NA,NA,NA,NA,NA,NA,NA,NA,NA,NA,NA,NA,NA,NA,NA,NA,NA,NA,NA,NA,NA,NA,NA,NA,NA,NA,NA
"53","Gambia","Africa","Western Africa",NA,NA,NA,NA,NA,NA,NA,NA,NA,NA,NA,NA,NA,NA,NA,NA,NA,NA,NA,NA,NA,NA,NA,NA,NA,NA,NA,NA,NA,NA,NA,NA,NA,NA,NA,NA,NA,NA,NA,NA,NA,NA,NA,NA,NA,NA,NA,NA,NA,NA,NA,NA,NA,NA
"54","Georgia","Asia","Western Asia",42,42,3.13999998489355,3.13999998489355,3.13999998489355,3.13999998489355,3.13999998489355,329.489453516502,12.2175130879787,12.7982839829376,15.3577569375897,0.2852318,0.2852318,0.2852318,0.2852318,0.2852318,0.29879056,0.29879056,0.29879056,0.29879056,0.29879056,0.35854438,0.35854438,0.35854438,0.35854438,0.35854438,0.037080134,0.037080134,0.037080134,0.037080134,0.0388427728,0.0388427728,0.0388427728,0.0388427728,0.0466107694,0.0466107694,0.0466107694,0.0466107694,0.116431620199851,0.116431620199851,0.116431620199851,0.116431620199851,0.116431620199851,0.121966306005224,0.121966306005224,0.121966306005224,0.121966306005224,0.121966306005224,0.146357815211877,0.146357815211877,0.146357815211877,0.146357815211877,0.146357815211877,1
"55","Germany","Europe","Western Europe",NA,NA,NA,NA,NA,NA,NA,NA,NA,NA,NA,NA,NA,NA,NA,NA,NA,NA,NA,NA,NA,NA,NA,NA,NA,NA,NA,NA,NA,NA,NA,NA,NA,NA,NA,NA,NA,NA,NA,NA,NA,NA,NA,NA,NA,NA,NA,NA,NA,NA,NA,NA,NA,NA
"56","Ghana","Africa","Western Africa",NA,NA,NA,NA,NA,NA,NA,NA,NA,NA,NA,NA,NA,NA,NA,NA,NA,NA,NA,NA,NA,NA,NA,NA,NA,NA,NA,NA,NA,NA,NA,NA,NA,NA,NA,NA,NA,NA,NA,NA,NA,NA,NA,NA,NA,NA,NA,NA,NA,NA,NA,NA,NA,NA
"57","Greece","Europe","Southern Europe",39.8888888888889,40.2173781866812,4.80796160093924,4.79586940978666,7.39045772688774,1.91030001697246,8.02202207351004,5566.4644736772,95.5242960066686,68.4749580705296,-37.6596667620545,0.24273504,0.238892288888889,0.232839803336128,0.21197447,0.26375175,0.19575931,0.18651778,0.169154621559718,0.11107784,0.24218836,-0.068153365,-0.0618363024444444,-0.0719215901987957,-0.53320682,0.2041614,0.0172913923,0.0182734521111111,0.0148382129,0.0218461536,0.0151451298,0.0140671546666667,0.0096646655,0.0169531852,-0.00565993064,-0.00590883027111111,-0.0479886138,0.014291298,0.0942552527013855,0.0868863277015691,0.126720624112899,0.0327852145023555,0.162301897142609,0.0720957140523223,0.0633921056272225,0.0901663267239063,0.0274227200586765,0.102221690717889,-0.0294910885705317,-0.0415464010871998,-0.0551169812672851,-0.384965719180748,0.0749686307335513,9
"58","Guatemala","Americas","Central America",14.5,14.161816031435,2.45932119598405,2.52219339016203,2.85611963110706,1.8586120489704,3.40254349694678,1053.43590204666,17.6429063790278,10.4934732039008,-0.935123519673677,0.134759385,0.131713416666667,0.129841505859679,0.11666363,0.14609143,0.086796342,0.0758943245,0.0772821962199933,0.020208145,0.095163625,0.015161569,-0.0148773919166667,-0.00668044109440088,-0.18128279,0.032816661,0.0166462543,0.0162338228333333,0.012000438,0.0189918859,0.01031001504,0.00928801275166667,0.00262705885,0.01237127125,0.00160892242,-0.00206413191583333,-0.0235667627,0.00426616593,0.0412368363387655,0.041307375633576,0.0479798327685719,0.0223041586597222,0.0602368406723208,0.025961830098568,0.0238577972236449,0.0289572405446367,0.00608073558271366,0.0384187479924968,0.00422872486224447,-0.00445744368775723,-0.00104599219077513,-0.0545489312198922,0.0111090411890564,6
"59","Guinea","Africa","Western Africa",NA,NA,NA,NA,NA,NA,NA,NA,NA,NA,NA,NA,NA,NA,NA,NA,NA,NA,NA,NA,NA,NA,NA,NA,NA,NA,NA,NA,NA,NA,NA,NA,NA,NA,NA,NA,NA,NA,NA,NA,NA,NA,NA,NA,NA,NA,NA,NA,NA,NA,NA,NA,NA,NA
"60","Guinea-Bissau","Africa","Western Africa",NA,NA,NA,NA,NA,NA,NA,NA,NA,NA,NA,NA,NA,NA,NA,NA,NA,NA,NA,NA,NA,NA,NA,NA,NA,NA,NA,NA,NA,NA,NA,NA,NA,NA,NA,NA,NA,NA,NA,NA,NA,NA,NA,NA,NA,NA,NA,NA,NA,NA,NA,NA,NA,NA
"61","Guyana","Americas","South America",NA,NA,NA,NA,NA,NA,NA,NA,NA,NA,NA,NA,NA,NA,NA,NA,NA,NA,NA,NA,NA,NA,NA,NA,NA,NA,NA,NA,NA,NA,NA,NA,NA,NA,NA,NA,NA,NA,NA,NA,NA,NA,NA,NA,NA,NA,NA,NA,NA,NA,NA,NA,NA,NA
"62","Haiti","Americas","Caribbean",NA,NA,NA,NA,NA,NA,NA,NA,NA,NA,NA,NA,NA,NA,NA,NA,NA,NA,NA,NA,NA,NA,NA,NA,NA,NA,NA,NA,NA,NA,NA,NA,NA,NA,NA,NA,NA,NA,NA,NA,NA,NA,NA,NA,NA,NA,NA,NA,NA,NA,NA,NA,NA,NA
"63","Honduras","Americas","Central America",14.6,14.1015471476226,0.958999101876039,1.72845467620985,2.82669659656433,0.70514631675071,3.05187328989915,136.330703135151,1.58491831716214,1.19780332603567,0.667873701619164,0.14033949,-0.083880906,0.0894272462652786,-0.99894368,0.15495194,0.13008701,-0.094612182,0.0675847151584175,-0.99894368,0.14363682,0.12059267,-0.1086800016,0.0376840278404645,-0.99894368,0.12968275,0.0182441337,-0.01090451778,-0.1298626784,0.0201437522,0.0169113113,-0.01229958366,-0.1298626784,0.0186727866,0.0156770471,-0.014128400208,-0.1298626784,0.0168587575,0.0171535212271463,0.00684056012393753,0.0463244362972947,-0.113549512167029,0.0614761792975273,0.0162179323482461,0.00353354159814379,0.0377938737732497,-0.113549512167029,0.0569869786725268,0.0150342740889684,-0.000858152111450145,0.0260999455741212,-0.113549512167029,0.051450791715137,5
"64","Hungary","Europe","Eastern Europe",47.5,47.6489263529866,2.08432632444322,2.08432632444322,2.3394341755236,1.22783636828559,2.94081628060084,36.6320899223213,0.967310939070834,0.689845104297698,-0.142497653053999,0.226798235,0.226798235,0.227403681684695,0.22476553,0.22883094,0.1591011,0.1591011,0.161262131587337,0.15184573,0.16635647,-0.0420935175,-0.0420935175,-0.0364988936806183,-0.060876707,-0.023310328,0.02498845995,0.02498845995,0.0202288977,0.0297480222,0.0176462284,0.0176462284,0.0136661157,0.0216263411,-0.004254623135,-0.004254623135,-0.00547890363,-0.00303034264,0.0561606221439119,0.0561606221439119,0.0654902165413555,0.0248377762863887,0.0874834680014351,0.0401894249331828,0.0401894249331828,0.0471620588053952,0.0167797538696587,0.063599095996707,-0.00781943905337842,-0.00781943905337842,-0.00814476626427151,-0.00891168097151092,-0.00672719713524592,2
"65","India","Asia","Southern Asia",23.0047846889952,24.3161999071766,2.01917877324841,2.28711595779366,3.37993804867471,0.611829028987659,7.10196779578434,2964634.60675788,106868.220712675,116117.799043248,128650.408066373,0.19712216,0.209981391339713,0.200275506786095,0.14898892,0.48000145,0.21665487,0.22324892645933,0.217604400806999,-0.72818056,0.37531253,0.24272021,0.270797162366295,0.241089095832307,-0.95232549,5.55555555555556,0.0353189628,0.037438612134689,0.022349754,0.057600174,0.0389978766,0.0402088028727273,-0.0873816672,0.0675562554,0.0436896378,0.0491097624962679,-0.1142790588,1,0.0720768443728147,0.0854259426210771,0.124917813673364,0.0190194603631031,0.380547006121409,0.0790414555307383,0.0878709549143668,0.135456691731874,-0.577304364442671,0.346842499947548,0.0894224971387872,0.102356239483804,0.149673797415275,-0.577304364442671,1.56303992081488,209
"66","Indonesia","Asia","South-Eastern Asia",NA,NA,NA,NA,NA,NA,NA,NA,NA,NA,NA,NA,NA,NA,NA,NA,NA,NA,NA,NA,NA,NA,NA,NA,NA,NA,NA,NA,NA,NA,NA,NA,NA,NA,NA,NA,NA,NA,NA,NA,NA,NA,NA,NA,NA,NA,NA,NA,NA,NA,NA,NA,NA,NA
"67","Iran (Islamic Republic of)","Asia","Southern Asia",34.7391304347826,35.8627402479869,3.4946742454869,3.49649820006447,4.95437542907952,1.22999998763965,5.28923675785741,37056.1093272625,1428.60272581629,1439.69868314152,1509.36256266602,0.28459752,0.291393497391304,0.240474548445279,0.22165796,0.39315392,0.30139463,0.325960769130435,0.242315411150747,0.20844204,0.54981012,0.33375423,0.446034876521739,0.253994092792516,0.18761066,1.2382283,0.0455356032,0.0471021947771739,0.0354652736,0.0629046272,0.0482231408,0.0526432236152174,0.0333507264,0.0879696192,0.0534006768,0.0718792706630435,0.0300177056,0.198116528,0.172960266707238,0.161935545922264,0.187727640129998,0.0542985312483507,0.233291459226281,0.186062655442883,0.179514452830937,0.187255262669605,0.0550602532666961,0.248511228963778,0.211806070250943,0.240159366869614,0.191227285221331,0.0562203404341651,0.544733973433229,23
"68","Iraq","Asia","Western Asia",33.6363636363636,32.6928498264705,2.49089236865522,2.2354103650855,2.33087817735821,1.28628038688533,3.49133280735844,974.906283834874,42.4860440552895,42.4390456360019,42.4125463979733,0.27579473,0.293235542727273,0.272372616474524,0.24981417,0.36936272,0.27791126,0.298612445454545,0.272071315595231,0.23931475,0.44435761,0.28080302,0.319700399090909,0.27190143235576,0.22574452,0.68262911,0.0441271568,0.0469176868363636,0.0399702672,0.0590980352,0.0444658016,0.0477779912727273,0.03829036,0.0710972176,0.0449284832,0.0511520638545455,0.0361191232,0.1092206576,0.106377061794448,0.10657332643543,0.102009852940295,0.0541923345471786,0.171941055541383,0.104599668606726,0.108085172268416,0.102081418392038,0.0528910839146385,0.177924826392618,0.112626562758567,0.11357577901386,0.102247239664044,0.0511855378630872,0.193345070380949,11
"69","Ireland","Europe","Northern Europe",NA,NA,NA,NA,NA,NA,NA,NA,NA,NA,NA,NA,NA,NA,NA,NA,NA,NA,NA,NA,NA,NA,NA,NA,NA,NA,NA,NA,NA,NA,NA,NA,NA,NA,NA,NA,NA,NA,NA,NA,NA,NA,NA,NA,NA,NA,NA,NA,NA,NA,NA,NA,NA,NA
"70","Israel","Asia","Western Asia",NA,NA,NA,NA,NA,NA,NA,NA,NA,NA,NA,NA,NA,NA,NA,NA,NA,NA,NA,NA,NA,NA,NA,NA,NA,NA,NA,NA,NA,NA,NA,NA,NA,NA,NA,NA,NA,NA,NA,NA,NA,NA,NA,NA,NA,NA,NA,NA,NA,NA,NA,NA,NA,NA
"71","Italy","Europe","Southern Europe",43.625,44.9672963717748,6.07627446078766,6.11379719715326,6.14134527961677,5.71315071649245,6.4974979650567,38203.5409859935,728.047195090614,714.818580617714,695.564373783139,0.27616629,0.27052785875,0.272243722627527,0.23715904,0.28841244,0.271585335,0.2654680725,0.267297055332341,0.23501067,0.28326171,0.26477939,0.25823945875,0.260097196614071,0.23195817,0.27603042,0.0193316403,0.0189369501125,0.0166011328,0.0201888708,0.01901097345,0.018582765075,0.0164507469,0.0198283197,0.0185345573,0.0180767621125,0.0162370719,0.0193221294,0.115827061044515,0.115843121570792,0.117006199798633,0.0948447737509063,0.129503540355508,0.113590959159631,0.113653138334701,0.114871629920622,0.0939855964385709,0.127209331023299,0.110389036533034,0.110523445990604,0.111764171595196,0.0927960727541915,0.123777813952327,8
"72","Jamaica","Americas","Caribbean",NA,NA,NA,NA,NA,NA,NA,NA,NA,NA,NA,NA,NA,NA,NA,NA,NA,NA,NA,NA,NA,NA,NA,NA,NA,NA,NA,NA,NA,NA,NA,NA,NA,NA,NA,NA,NA,NA,NA,NA,NA,NA,NA,NA,NA,NA,NA,NA,NA,NA,NA,NA,NA,NA
"73","Japan","Asia","Eastern Asia",37.5625,37.1342008487123,6.29483804504399,6.31046021806586,6.53351712210639,5.78444613119777,7.06543072009327,197949.68714865,5240.99327278351,5622.80117876199,6356.01271640643,0.21617513,0.2305984525,0.220636589877836,0.1897171,0.31399046,0.22767368,0.25020678375,0.236710030536681,0.19808241,0.35796007,0.248401755,0.289389868125,0.267576945433337,0.21043264,0.45279967,0.0259410156,0.0276718143,0.022766052,0.0376788552,0.0273208416,0.03002481405,0.0237698892,0.0429552084,0.0298082106,0.034726784175,0.0252519168,0.0543359604,0.162362306895936,0.174770166581266,0.173203374866885,0.131689001414047,0.237182288310132,0.174299282473789,0.18962186307452,0.185745994409496,0.13749564362194,0.270396076766966,0.197388557251499,0.219310102621132,0.209815547447422,0.146068352439088,0.34203606656289,16
"74","Jordan","Asia","Western Asia",NA,NA,NA,NA,NA,NA,NA,NA,NA,NA,NA,NA,NA,NA,NA,NA,NA,NA,NA,NA,NA,NA,NA,NA,NA,NA,NA,NA,NA,NA,NA,NA,NA,NA,NA,NA,NA,NA,NA,NA,NA,NA,NA,NA,NA,NA,NA,NA,NA,NA,NA,NA,NA,NA
"75","Kazakhstan","Asia","Central Asia",44.4,44.527585496943,3.03000005928652,3.64931209579416,3.58912831346684,3.0299999216491,6.12656048319912,98.5361052640154,4.38550658886066,4.05118615111441,4.16417457419096,0.2755668,0.276538674,0.275185393851115,0.25197907,0.30020653,0.26521943,0.250787572,0.251012824216421,0.17262071,0.28103981,0.24991241,0.187020774,0.200566313822894,-0.90428945,1.5163213,0.046846356,0.04449178388,0.0302374884,0.0510351101,0.0450873031,0.04090768014,0.0207144852,0.0477767677,0.0424851097,0.04083642608,-0.108514734,0.257774621,0.146089337507697,0.153536547423062,0.151761620579883,0.13976076192763,0.185251801542632,0.136614531066069,0.136779002083545,0.136156636406068,0.126908546456133,0.144763609156985,0.128729884909794,0.0565298810504863,0.0673753300001361,-0.664822081169264,0.781057081433128,5
"76","Kenya","Africa","East Africa",-0.117647058823529,-0.0774183677008931,3.88000002186656,3.32732048908055,3.35573611504139,2.25524092155201,4.33697891155945,773.165837286833,19.6542559620568,18.1067526480564,15.9555002960094,0.154679375,0.159147475294118,0.158878074843449,0.14138256,0.22810675,0.145777035,0.147722319617647,0.146368603723459,0.082161505,0.24571028,0.13550083,0.131617456441176,0.128978638269895,-0.020042774,0.28435372,0.0247487,0.0254635960470588,0.0226212096,0.03649708,0.0233243256,0.0236355711388235,0.0131458408,0.0393136448,0.0216801328,0.0210587930305882,-0.00320684384,0.0454965952,0.0899794321602717,0.0841356651467006,0.0846461886122292,0.0557144796851863,0.114681163824682,0.0847674400606531,0.0789358229389703,0.0789757162850786,0.0327713867138148,0.115293583045107,0.0757779080673589,0.0717400271082862,0.0712036414830778,-0.00799437032673139,0.130166055508495,34
"77","Korea, Democratic People's Republic of","Asia","Eastern Asia",39.7777777777778,38.9345244623354,3.30604401034198,3.73093406965299,3.56536133751108,3.03588960215256,4.87473009568271,51081.5351772642,1596.45134997888,1775.35542832284,2058.89017030114,0.2802267,0.273468021111111,0.260441688051406,0.24448906,0.31986467,0.31583502,0.307560128888889,0.289627720036533,0.26714457,0.38425779,0.37194077,0.363654557777778,0.335882976623605,0.29918489,0.51424189,0.033627204,0.0328161625333333,0.0293386872,0.0383837604,0.0379002024,0.0369072154666667,0.0320573484,0.0461109348,0.0446328924,0.0436385469333333,0.0359021868,0.0617090268,0.108956162012865,0.123841434048836,0.112634224047186,0.0895265585472399,0.187110469948314,0.119052554129732,0.139833267011438,0.125786238278781,0.0977235445382512,0.22477835913607,0.136062886733301,0.166695879643585,0.147143982024186,0.109441737561196,0.300814846806961,9
"78","Korea, Republic of","Asia","Eastern Asia",36.2857142857143,35.6476016148887,6.04958627841862,5.83262060526555,6.03033247068014,3.54999988954555,6.54000016269692,96958.1791926353,2486.13617947226,2615.12525633212,2814.63639208626,0.21982471,0.224804814285714,0.213677707936741,0.20226272,0.2562543,0.23245803,0.239435747142857,0.224764023529535,0.21093585,0.28132786,0.25160979,0.262498194285714,0.241911548491281,0.2238782,0.31890981,0.0263789652,0.0269765777142857,0.0242715264,0.030750516,0.0278949636,0.0287322896571429,0.025312302,0.0337593432,0.0301931748,0.0314997833142857,0.026865384,0.0382691772,0.153990135239632,0.156184088385239,0.154420520072174,0.109164328403469,0.189640843875189,0.161340368048903,0.166043526800732,0.162376447898065,0.11984566463113,0.206512489813469,0.173094898095293,0.181698171065178,0.174703235136736,0.135855574832999,0.236221007207746,7
"79","Kyrgyzstan","Asia","Central Asia",40.9090909090909,40.1429972171629,2.65000008579884,2.57223560518832,2.27014469063617,2.17000012780648,2.65000015979257,1745.78907877586,86.7777635491951,93.5430770376134,217.543512341528,0.30427681,0.304704134545455,0.2923935307238,0.27087983,0.34381397,0.3556289,0.363377887272727,0.315188931485777,0.28295073,0.53637735,2.2358849,3.08393025235294,0.73300247734013,0.3123997,5.88235294117647,0.0517270577,0.0517997028727273,0.0460495711,0.0584483749,0.060456913,0.0617742408363636,0.0481016241,0.0911841495,0.380100433,0.5242681429,0.053107949,1,0.137076707243013,0.133419644917852,0.112969693940487,0.106509028235061,0.15488820020187,0.160210824520129,0.15963105469246,0.122204969487274,0.111845395767357,0.241638006653856,1.00726616502107,1.38476985160757,0.308241228034518,0.123015692114254,2.65000015979257,11
"80","Lao People's Democratic Republic","Asia","South-Eastern Asia",NA,NA,NA,NA,NA,NA,NA,NA,NA,NA,NA,NA,NA,NA,NA,NA,NA,NA,NA,NA,NA,NA,NA,NA,NA,NA,NA,NA,NA,NA,NA,NA,NA,NA,NA,NA,NA,NA,NA,NA,NA,NA,NA,NA,NA,NA,NA,NA,NA,NA,NA,NA,NA,NA
"81","Latvia","Europe","Northern Europe",NA,NA,NA,NA,NA,NA,NA,NA,NA,NA,NA,NA,NA,NA,NA,NA,NA,NA,NA,NA,NA,NA,NA,NA,NA,NA,NA,NA,NA,NA,NA,NA,NA,NA,NA,NA,NA,NA,NA,NA,NA,NA,NA,NA,NA,NA,NA,NA,NA,NA,NA,NA,NA,NA
"82","Lebanon","Asia","Western Asia",NA,NA,NA,NA,NA,NA,NA,NA,NA,NA,NA,NA,NA,NA,NA,NA,NA,NA,NA,NA,NA,NA,NA,NA,NA,NA,NA,NA,NA,NA,NA,NA,NA,NA,NA,NA,NA,NA,NA,NA,NA,NA,NA,NA,NA,NA,NA,NA,NA,NA,NA,NA,NA,NA
"83","Lesotho","Africa","Southern Africa",-29,-29,2.27999998949763,2.27999998949763,2.27999999965339,2.27999997639147,2.28000000260378,2.37022213744297,0.0765970887744258,0.0706459187818864,0.062194845347515,0.17237026,0.17237026,0.179535654214766,0.16312322,0.1816173,0.158456075,0.158456075,0.165586727237915,0.14925387,0.16765828,0.13923493,0.13923493,0.145778285140002,0.13079064,0.14767922,0.0310266468,0.0310266468,0.0293621796,0.032691114,0.0285220935,0.0285220935,0.0268656966,0.0301784904,0.0250622874,0.0250622874,0.0235423152,0.0265822596,0.0707407543999613,0.0707407543999613,0.0736814324872551,0.0669457687948021,0.0745357400051206,0.0650303729021593,0.0650303729021593,0.0679567928567835,0.0612537876137404,0.0688069581905783,0.0571420150287075,0.0571420150287075,0.0598274082203214,0.0536764781002005,0.0606075519572145,2
"84","Liberia","Africa","Western Africa",NA,NA,NA,NA,NA,NA,NA,NA,NA,NA,NA,NA,NA,NA,NA,NA,NA,NA,NA,NA,NA,NA,NA,NA,NA,NA,NA,NA,NA,NA,NA,NA,NA,NA,NA,NA,NA,NA,NA,NA,NA,NA,NA,NA,NA,NA,NA,NA,NA,NA,NA,NA,NA,NA
"85","Libyan Arab Jamahiriya","Africa","Northern Africa",NA,NA,NA,NA,NA,NA,NA,NA,NA,NA,NA,NA,NA,NA,NA,NA,NA,NA,NA,NA,NA,NA,NA,NA,NA,NA,NA,NA,NA,NA,NA,NA,NA,NA,NA,NA,NA,NA,NA,NA,NA,NA,NA,NA,NA,NA,NA,NA,NA,NA,NA,NA,NA,NA
"86","Lithuania","Europe","Northern Europe",NA,NA,NA,NA,NA,NA,NA,NA,NA,NA,NA,NA,NA,NA,NA,NA,NA,NA,NA,NA,NA,NA,NA,NA,NA,NA,NA,NA,NA,NA,NA,NA,NA,NA,NA,NA,NA,NA,NA,NA,NA,NA,NA,NA,NA,NA,NA,NA,NA,NA,NA,NA,NA,NA
"87","Luxembourg","Europe","Western Europe",NA,NA,NA,NA,NA,NA,NA,NA,NA,NA,NA,NA,NA,NA,NA,NA,NA,NA,NA,NA,NA,NA,NA,NA,NA,NA,NA,NA,NA,NA,NA,NA,NA,NA,NA,NA,NA,NA,NA,NA,NA,NA,NA,NA,NA,NA,NA,NA,NA,NA,NA,NA,NA,NA
"88","Madagascar","Africa","East Africa",-20.8,-18.7383685368748,1.91561239315636,1.88073353540572,2.16587098827007,1.16127804050608,2.60046862892714,32837.9990768909,788.881409805405,729.639618370887,651.19879852012,0.15231953,0.1511977796,0.150146444664271,0.13752233,0.15917935,0.14131982,0.1416058232,0.138871056185248,0.12440193,0.15412655,0.12899524,0.129101194,0.123941549581653,0.10733739,0.1528489,0.0243711248,0.024191644736,0.0220035728,0.025468696,0.0226111712,0.022656931712,0.0199043088,0.024660248,0.0206392384,0.02065619104,0.0171739824,0.024455824,0.0487881496951319,0.0455293439255613,0.0520330394160651,0.0274867228651919,0.0640496588314701,0.0452663640760549,0.0424780682598423,0.0479429015437783,0.0259796273724923,0.0591315610239474,0.0392963956865737,0.0384935504465548,0.0425175971815942,0.0240574743857121,0.0528998354483346,25
"89","Malawi","Africa","East Africa",-15.5,-15.9463950698844,1.15603631587826,1.15603631587826,1.52073272387816,0.747545684368425,1.56452694738809,709.618426658227,20.8800335992206,20.5195309897606,20.0700147564996,0.187080525,0.187080525,0.183901946585135,0.18352025,0.1906408,0.184747,0.184747,0.180726801712227,0.18024404,0.18924996,0.181836405,0.181836405,0.176767664868625,0.17615899,0.18751382,0.029932884,0.029932884,0.02936324,0.030502528,0.02955952,0.02955952,0.0288390464,0.0302799936,0.0290938248,0.0290938248,0.0281854384,0.0300022112,0.0343708067056755,0.0343708067056755,0.0446992936486811,0.022802033168727,0.045939580242624,0.0338775718840796,0.0338775718840796,0.0439142234154493,0.0226356785383835,0.0451194652297756,0.0332624507024086,0.0332624507024086,0.042935320475128,0.02242802350407,0.0440968779007472,2
"90","Malaysia","Asia","South-Eastern Asia",6,6,2.04592465411702,2.04592465411702,2.04592465411702,2.04592465411702,2.04592465411702,2287.89989460159,42.9515354195592,40.4729710993411,37.3739978798639,0.11733341,0.11733341,0.11733341,0.11733341,0.11733341,0.11056256,0.11056256,0.11056256,0.11056256,0.11056256,0.1020969,0.1020969,0.1020969,0.1020969,0.1020969,0.0187733456,0.0187733456,0.0187733456,0.0187733456,0.0176900096,0.0176900096,0.0176900096,0.0176900096,0.016335504,0.016335504,0.016335504,0.016335504,0.0384088506032992,0.0384088506032992,0.0384088506032992,0.0384088506032992,0.0384088506032992,0.0361924267722067,0.0361924267722067,0.0361924267722067,0.0361924267722067,0.0361924267722067,0.0334212103710271,0.0334212103710271,0.0334212103710271,0.0334212103710271,0.0334212103710271,1
"91","Mali","Africa","Western Africa",NA,NA,NA,NA,NA,NA,NA,NA,NA,NA,NA,NA,NA,NA,NA,NA,NA,NA,NA,NA,NA,NA,NA,NA,NA,NA,NA,NA,NA,NA,NA,NA,NA,NA,NA,NA,NA,NA,NA,NA,NA,NA,NA,NA,NA,NA,NA,NA,NA,NA,NA,NA,NA,NA
"92","Mauritania","Africa","Western Africa",16,16,1.20774438214991,1.20774438214991,1.20774438214991,1.20774438214991,1.20774438214991,7.30072889697116,0.291168239325858,0.296108702436415,0.302224025123697,0.2215671,0.2215671,0.2215671,0.2215671,0.2215671,0.22532659,0.22532659,0.22532659,0.22532659,0.22532659,0.2299801,0.2299801,0.2299801,0.2299801,0.2299801,0.039882078,0.039882078,0.039882078,0.039882078,0.0405587862,0.0405587862,0.0405587862,0.0405587862,0.041396418,0.041396418,0.041396418,0.041396418,0.0481673556529645,0.0481673556529645,0.0481673556529645,0.0481673556529645,0.0481673556529645,0.0489846461798693,0.0489846461798693,0.0489846461798693,0.0489846461798693,0.0489846461798693,0.0499962912806294,0.0499962912806294,0.0499962912806294,0.0499962912806294,0.0499962912806294,1
"93","Mexico","Americas","Central America",20.5,19.4940969169248,6.78586709056552,6.18126724108773,6.29696912673464,1.85861204156716,8.17789372228009,1303.51557342912,18.5943388531864,15.8918428153728,11.9860249462255,0.16060908,0.166999141666667,0.158497350738893,0.15212236,0.1921681,0.140197185,0.143226565,0.13546138986081,0.10369616,0.18482685,0.111491286,0.109166814333333,0.102168365052758,0.03224054,0.17553682,0.0144548172,0.01502992275,0.0136910124,0.017295129,0.01261774665,0.01289039085,0.0093326544,0.0166344165,0.01003421574,0.00982501329,0.0029016486,0.0157983138,0.0982070704518582,0.0952373802371892,0.0903154701986416,0.0254462805078854,0.141437726875124,0.0863471454876287,0.0848329623525102,0.0783041339211236,0.0173457838476248,0.136034490269142,0.0697247293497063,0.070200139430182,0.0610635293919132,0.0053930390283565,0.129196931247631,6
"94","Mongolia","Asia","Eastern Asia",47.5,47.0628523074521,7.30770033762385,7.30770033762385,7.30770016639507,7.3077001417761,7.3077005334716,4.86980131798923,0.16324091526013,0.199446545117015,0.312622431390393,0.28070748,0.28070748,0.279342189069588,0.27914589,0.28226907,0.33988441,0.33988441,0.341298224324284,0.33826732,0.3415015,0.506397385,0.506397385,0.534967806310621,0.47371916,0.53907561,0.0336848976,0.0336848976,0.0334975068,0.0338722884,0.0407861292,0.0407861292,0.0405920784,0.04098018,0.0607676862,0.0607676862,0.0568462992,0.0646890732,0.246159137601045,0.246159137601045,0.244961875394046,0.244789735191506,0.247528540010584,0.298052810087206,0.298052810087206,0.299292610873236,0.296634752978401,0.29947086719601,0.444072040192365,0.444072040192365,0.469126119082111,0.415415730989726,0.472728349395005,2
"95","Montenegro","Europe","Southern Europe",NA,NA,NA,NA,NA,NA,NA,NA,NA,NA,NA,NA,NA,NA,NA,NA,NA,NA,NA,NA,NA,NA,NA,NA,NA,NA,NA,NA,NA,NA,NA,NA,NA,NA,NA,NA,NA,NA,NA,NA,NA,NA,NA,NA,NA,NA,NA,NA,NA,NA,NA,NA,NA,NA
"96","Morocco","Africa","Northern Africa",33.75,33.5552480266965,4.64039094657602,4.6403910298577,4.64039105227459,4.64039084078069,4.64039138549806,859.297844262503,16.9401205848951,18.7642202303249,22.0796089184289,0.24159563,0.2411880275,0.24642387819898,0.20362881,0.27793204,0.267969805,0.264003965,0.272958618999409,0.20173833,0.31833792,0.28486464,0.3055656275,0.32118678444636,0.19929442,0.45323881,0.0193276504,0.0192950422,0.0162903048,0.0222345632,0.0214375844,0.0211203172,0.0161390664,0.0254670336,0.0227891712,0.0244452502,0.0159435536,0.0362591048,0.0896878539655003,0.0895365411630097,0.0914802531273527,0.0755933811874458,0.103177075533592,0.0994787772292057,0.0980065309698542,0.101330779050721,0.0748915759013115,0.118176993519694,0.105750668799681,0.113435520321047,0.119234582835431,0.0739843200949361,0.168256423589888,4
"97","Mozambique","Africa","East Africa",-16.7222222222222,-18.1672780210724,1.03999995639596,1.07390558645366,1.20852236946238,0.558578368624577,1.99492269292238,981.481966170202,25.5794376937202,24.9321153862106,24.1366744599123,0.17055122,0.169998768333333,0.162887848270487,0.13429973,0.19487204,0.16595143,0.165727192222222,0.158765750706411,0.1240688,0.19320197,0.158666225,0.160429447777778,0.153700445422439,0.11048964,0.19110146,0.0272881952,0.0271998029333333,0.0214879568,0.0311795264,0.0265522288,0.0265163507555556,0.019851008,0.0309123152,0.025386596,0.0256687116444444,0.0176783424,0.0305762336,0.0279222943730962,0.0285526782428534,0.0311276514636788,0.0152162175280905,0.050661513781937,0.0274097039034574,0.027736686223407,0.0302719848491985,0.0151071256675115,0.0480336069712701,0.0267952663664975,0.0267188477849146,0.029216224861489,0.0149772669026322,0.0448289504690045,18
"98","Namibia","Africa","Southern Africa",-17,-17,1.97000002509745,1.97000002509745,1.97000002509745,1.97000002509745,1.97000002509745,6.41918219187926,0.158393108751608,0.113865765267062,0.0490894131314111,0.13708315,0.13708315,0.13708315,0.13708315,0.13708315,0.098546445,0.098546445,0.098546445,0.098546445,0.098546445,0.042485001,0.042485001,0.042485001,0.042485001,0.042485001,0.024674967,0.024674967,0.024674967,0.024674967,0.0177383601,0.0177383601,0.0177383601,0.0177383601,0.00764730018,0.00764730018,0.00764730018,0.00764730018,0.0486096856092786,0.0486096856092786,0.0486096856092786,0.0486096856092786,0.0486096856092786,0.0349445698421875,0.0349445698421875,0.0349445698421875,0.0349445698421875,0.0349445698421875,0.0150651815465277,0.0150651815465277,0.0150651815465277,0.0150651815465277,0.0150651815465277,1
"99","Nepal","Asia","Southern Asia",27.7777777777778,27.3409246919354,2.41342353196973,2.4199145306848,2.73117120510935,1.74133098061462,3.13643238587982,24539.6770890425,963.151074172041,1032.82231179648,1150.34680839288,0.23002372,0.232356033333333,0.218048480488973,0.2040463,0.27130329,0.2463886,0.251865483333333,0.23382140324759,0.21728331,0.31530619,0.28059601,0.33081946,0.26042786052129,0.23601502,0.78804526,0.0414042696,0.041824086,0.036728334,0.0488345922,0.044349948,0.045335787,0.0391109958,0.0567551142,0.0505072818,0.0595475028,0.0424827036,0.1418481468,0.10056394184143,0.100288135401506,0.106602589338844,0.0826587604644339,0.115544234160669,0.104756425915642,0.108394071255061,0.114279368963233,0.0901842604833634,0.127972783440459,0.131330938010471,0.136660757169513,0.127011063215504,0.102705010119918,0.247004572565611,9
"100","Netherlands","Europe","Western Europe",NA,NA,NA,NA,NA,NA,NA,NA,NA,NA,NA,NA,NA,NA,NA,NA,NA,NA,NA,NA,NA,NA,NA,NA,NA,NA,NA,NA,NA,NA,NA,NA,NA,NA,NA,NA,NA,NA,NA,NA,NA,NA,NA,NA,NA,NA,NA,NA,NA,NA,NA,NA,NA,NA
"101","New Caledonia","Oceania","Melanesia",NA,NA,NA,NA,NA,NA,NA,NA,NA,NA,NA,NA,NA,NA,NA,NA,NA,NA,NA,NA,NA,NA,NA,NA,NA,NA,NA,NA,NA,NA,NA,NA,NA,NA,NA,NA,NA,NA,NA,NA,NA,NA,NA,NA,NA,NA,NA,NA,NA,NA,NA,NA,NA,NA
"102","New Zealand","Oceania","Australia and New Zealand",NA,NA,NA,NA,NA,NA,NA,NA,NA,NA,NA,NA,NA,NA,NA,NA,NA,NA,NA,NA,NA,NA,NA,NA,NA,NA,NA,NA,NA,NA,NA,NA,NA,NA,NA,NA,NA,NA,NA,NA,NA,NA,NA,NA,NA,NA,NA,NA,NA,NA,NA,NA,NA,NA
"103","Nicaragua","Americas","Central America",13,13,2.49903845753677,2.49903845753677,2.49903845753677,2.49903845753677,2.49903845753677,118.647452648875,2.15794949899037,1.95050306556837,1.70363399899708,0.13990702,0.13990702,0.13990702,0.13990702,0.13990702,0.12645758,0.12645758,0.12645758,0.12645758,0.12645758,0.11045224,0.11045224,0.11045224,0.11045224,0.11045224,0.0181879126,0.0181879126,0.0181879126,0.0181879126,0.0164394854,0.0164394854,0.0164394854,0.0164394854,0.0143587912,0.0143587912,0.0143587912,0.0143587912,0.0454522930497176,0.0454522930497176,0.0454522930497176,0.0454522930497176,0.0454522930497176,0.0410829062367143,0.0410829062367143,0.0410829062367143,0.0410829062367143,0.0410829062367143,0.0358831714125406,0.0358831714125406,0.0358831714125405,0.0358831714125406,0.0358831714125406,1
"104","Niger","Africa","Western Africa",13,13,2.31522472696302,2.53246470134745,4.30650628558166,0.755041188808934,4.74436816265481,2767.26228042819,123.864676528194,140.874929617587,167.263123350068,0.241274995,0.2410682775,0.248670715707084,0.23171181,0.25001131,0.2684864,0.264953385,0.282820498588367,0.23716284,0.2856779,0.31056549,0.3015685675,0.335797434431571,0.24397251,0.34117078,0.0434294991,0.04339228995,0.0417081258,0.0450020358,0.048327552,0.0476916093,0.0426893112,0.051422022,0.0559017882,0.05428234215,0.0439150518,0.0614107404,0.10214019611558,0.112319492755589,0.193253288943463,0.0314913528870246,0.213506225904172,0.115211577494697,0.126655086825853,0.220456198396139,0.0322321882778825,0.243965004036135,0.13542042193036,0.148838419594305,0.262707509071062,0.0331576729176779,0.29135516159882,4
"105","Nigeria","Africa","Western Africa",9.98214285714286,9.69140980360014,1.04235769090516,1.20622917417363,1.103114445033,0.755041178027738,7.32757704697963,29432.7081457825,1021.3604163179,1045.15228196691,1075.74977635336,0.189175535,0.194983458214286,0.192786355472103,0.17244296,0.2376841,0.19241575,0.199849895,0.197277176728804,0.1731646,0.25848107,0.199715055,0.206264769821429,0.203052590906892,0.17280934,0.29554714,0.0340515963,0.0350970224785714,0.0310397328,0.042783138,0.034634835,0.0359729811,0.031169628,0.0465265926,0.0359487099,0.0371276585678571,0.0311056812,0.0531984852,0.0359720864020864,0.0421619395792893,0.0380264678669258,0.0274043721857576,0.275968788642921,0.0365757196320963,0.0431086360713656,0.0389343461945413,0.028417845998731,0.276318498723004,0.0376610141172216,0.0443504521702227,0.0401015826159198,0.0295957218363983,0.276752516973558,56
"106","Norway","Europe","Northern Europe",NA,NA,NA,NA,NA,NA,NA,NA,NA,NA,NA,NA,NA,NA,NA,NA,NA,NA,NA,NA,NA,NA,NA,NA,NA,NA,NA,NA,NA,NA,NA,NA,NA,NA,NA,NA,NA,NA,NA,NA,NA,NA,NA,NA,NA,NA,NA,NA,NA,NA,NA,NA,NA,NA
"107","Pakistan","Asia","Southern Asia",30.18,29.0410588306611,2.97538789355014,3.26999231448445,3.19668926069911,2.26910892140016,4.73464532860553,195107.007239516,7640.36406851433,7904.2159772299,8232.1557892361,0.228046585,0.2328358,0.217554805682576,0.1633559,0.38147738,0.23464742,0.2376333478,0.225067831268117,0.1713405,0.32922528,0.24189326,0.24011380076,0.234405721640462,0.085696988,0.36392535,0.0410483853,0.041910444,0.029404062,0.0686659284,0.0422365356,0.042774002604,0.03084129,0.0592605504,0.0435407868,0.0432204841368,0.01542545784,0.065506563,0.132275087065177,0.137028603903232,0.124549852859566,0.0864969625807888,0.22562234513241,0.136115696636187,0.139541419273421,0.128475731240242,0.0896795404764217,0.23964009055437,0.13586842056955,0.140799710183504,0.133269306378955,0.0458967196132891,0.276611038543888,50
"108","Palestine","Asia","Western Asia",NA,NA,NA,NA,NA,NA,NA,NA,NA,NA,NA,NA,NA,NA,NA,NA,NA,NA,NA,NA,NA,NA,NA,NA,NA,NA,NA,NA,NA,NA,NA,NA,NA,NA,NA,NA,NA,NA,NA,NA,NA,NA,NA,NA,NA,NA,NA,NA,NA,NA,NA,NA,NA,NA
"109","Panama","Americas","Central America",NA,NA,NA,NA,NA,NA,NA,NA,NA,NA,NA,NA,NA,NA,NA,NA,NA,NA,NA,NA,NA,NA,NA,NA,NA,NA,NA,NA,NA,NA,NA,NA,NA,NA,NA,NA,NA,NA,NA,NA,NA,NA,NA,NA,NA,NA,NA,NA,NA,NA,NA,NA,NA,NA
"110","Papua New Guinea","Oceania","Melanesia",NA,NA,NA,NA,NA,NA,NA,NA,NA,NA,NA,NA,NA,NA,NA,NA,NA,NA,NA,NA,NA,NA,NA,NA,NA,NA,NA,NA,NA,NA,NA,NA,NA,NA,NA,NA,NA,NA,NA,NA,NA,NA,NA,NA,NA,NA,NA,NA,NA,NA,NA,NA,NA,NA
"111","Paraguay","Americas","South America",-23.9545454545455,-24.6645992254186,3.35606244115526,3.93387621188347,4.84729279015046,1.11374677109873,7.59798965635227,4066.49706306881,89.9447112607479,75.4515639359381,55.6451489234837,0.183533695,0.179687269090909,0.170142110908427,0.14908416,0.19552685,0.16086073,0.155361982727273,0.142726439158685,0.11439651,0.17369028,0.13122338,0.123174425045455,0.105260031045171,0.058217021,0.14507248,0.02385938035,0.0233593449818182,0.0193809408,0.0254184905,0.0209118949,0.0201970577545455,0.0148715463,0.0225797364,0.0170590394,0.0160126752559091,0.00756821273,0.0188594224,0.0828998089648095,0.0921788691879263,0.106069904361087,0.0215854602368557,0.186480494772922,0.0728484940822566,0.0799142792487893,0.0881872805897596,0.0165631366728703,0.167497827095888,0.0575759143373348,0.0636964497787039,0.0635704740697497,0.00943227364697364,0.143130156430816,22
"112","Peru","Americas","South America",-11.1162790697674,-9.41066305543921,6.40999967367049,5.02893405331083,6.0279884218098,1.26260914694638,6.41000012522775,44158.4805448952,904.114431931516,2140.56880485744,1617.4968785114,0.1374932,0.166550926955814,0.157494694420078,-0.030243151,0.49331863,0.078844665,0.703256961600715,0.372882256824443,-0.99994551,7.69230769230769,-0.084003818,0.693024701986941,0.281764307270652,-1,7.69230769230769,0.017874116,0.0216516205042558,-0.00393160963,0.0641314219,0.01024980645,0.091423405008093,-0.1299929163,1,-0.01092049634,0.0900932112583023,-0.13,1,0.104978981781236,0.120935038573048,0.12660098600509,-0.00640367087003326,0.411082413967645,0.0378739899617248,0.636645872564545,0.3216654055283,-0.689561278170659,6.41000009156736,-0.051056420307712,0.648638664867901,0.25257968984344,-0.833299907579166,6.41000009156736,43
"113","Philippines","Asia","South-Eastern Asia",NA,NA,NA,NA,NA,NA,NA,NA,NA,NA,NA,NA,NA,NA,NA,NA,NA,NA,NA,NA,NA,NA,NA,NA,NA,NA,NA,NA,NA,NA,NA,NA,NA,NA,NA,NA,NA,NA,NA,NA,NA,NA,NA,NA,NA,NA,NA,NA,NA,NA,NA,NA,NA,NA
"114","Poland","Europe","Eastern Europe",NA,NA,NA,NA,NA,NA,NA,NA,NA,NA,NA,NA,NA,NA,NA,NA,NA,NA,NA,NA,NA,NA,NA,NA,NA,NA,NA,NA,NA,NA,NA,NA,NA,NA,NA,NA,NA,NA,NA,NA,NA,NA,NA,NA,NA,NA,NA,NA,NA,NA,NA,NA,NA,NA
"115","Portugal","Europe","Southern Europe",38.6666666666667,38.8491054786583,5.97433994490012,6.13645122700295,6.33234313960481,5.72664740227564,7.32350066348112,6744.14318088778,101.846565752269,103.331000046162,105.468540139194,0.206294845,0.207432158333333,0.215735475996612,0.15747756,0.26500326,0.20678144,0.209015865,0.218879864190885,0.15383308,0.27614793,0.20678477,0.21137929,0.223407687255177,0.14907552,0.29174322,0.01444063915,0.0145202510833333,0.0110234292,0.0185502282,0.0144747008,0.01463111055,0.0107683156,0.0193303551,0.0144749339,0.0147965503,0.0104352864,0.0204220254,0.0854748921554357,0.090154159632398,0.0972818567483162,0.0658577142358431,0.135852608530426,0.0856934544503871,0.0910154962762791,0.0989489437219814,0.0643335788455167,0.141565868400176,0.085714850765358,0.0922808571337176,0.101333813335525,0.0623439491678669,0.149560716566528,6
"116","Puerto Rico","Americas","Caribbean",NA,NA,NA,NA,NA,NA,NA,NA,NA,NA,NA,NA,NA,NA,NA,NA,NA,NA,NA,NA,NA,NA,NA,NA,NA,NA,NA,NA,NA,NA,NA,NA,NA,NA,NA,NA,NA,NA,NA,NA,NA,NA,NA,NA,NA,NA,NA,NA,NA,NA,NA,NA,NA,NA
"117","Republic of Moldova","Europe","Eastern Europe",47.5,47.5386704571935,3.02245164372212,3.02245164372212,3.05087817944638,2.65490316114279,3.39000012630145,63.5668256008245,2.37683160725447,2.3533670592234,2.31425433919247,0.28796119,0.28796119,0.287623613150293,0.2835964,0.29232598,0.28529966,0.28529966,0.284784136401062,0.27863406,0.29196526,0.28086547,0.28086547,0.280051053156503,0.27033525,0.29139569,0.0374349547,0.0374349547,0.036867532,0.0380023774,0.0370889558,0.0370889558,0.0362224278,0.0379554838,0.0365125111,0.0365125111,0.0351435825,0.0378814397,0.112936785013312,0.112936785013312,0.113868290828871,0.100892631890201,0.124980938136423,0.111781084370134,0.111781084370134,0.11263283602779,0.100768133923324,0.122794034816945,0.109854151560928,0.109854151560928,0.110572076143545,0.10057155400817,0.119136749113685,2
"118","Romania","Europe","Eastern Europe",44.5,44.2606227034528,2.52019946725066,2.52019946725066,2.45570943652063,2.38549573456543,2.65490319993589,83.9683001675346,2.01476271890693,1.67976219633438,0.695362594555818,0.258179485,0.258179485,0.241069760533308,0.2224415,0.29391747,0.23137481,0.23137481,0.195700770561508,0.15686056,0.30588906,0.1480598655,0.1480598655,0.063875282267285,-0.027780919,0.32390065,0.0276449157,0.0276449157,0.020019735,0.0352700964,0.0254120688,0.0254120688,0.0141174504,0.0367066872,0.018183897645,0.018183897645,-0.00250028271,0.038868078,0.0706978421220187,0.0706978421220187,0.0597148049718723,0.0477569924496302,0.0936386917944073,0.0655649095092323,0.0655649095092323,0.0502984827227328,0.033677117712139,0.0974527013063257,0.0486132854588225,0.0486132854588225,0.0224839612868981,-0.00596441373991268,0.103190984657558,2
"119","Russia","Europe","Eastern Europe",48.4117647058824,48.0700105993354,3.14000009031707,3.26935793712875,5.06463782332403,3.13999998664669,7.53816663315988,21022.9714565561,786.650187912644,996.953038887924,4547.43165553725,0.27905236,0.295987237352941,0.296690917802925,0.22937716,0.37718787,0.287459095,0.357787960294118,0.375207452003765,0.2344301,0.66330286,0.30399606,1.63160804070136,1.67725010724219,0.23568239,7.69230769230769,0.0362768068,0.0384642917735294,0.0306272811,0.0490344231,0.03736968235,0.0464860917529412,0.0306306663,0.0862293718,0.0395194878,0.212059708744118,0.0306387107,1,0.114044476986576,0.125079970430217,0.181502636823628,0.0961696647376438,0.250698954588855,0.117340805593236,0.150995712492863,0.223734463716898,0.0961802942658741,0.29308083407947,0.12409119612432,0.672253167257435,0.774214794061053,0.0962055536824214,3.14000019299989,34
"120","Rwanda","Africa","East Africa",NA,NA,NA,NA,NA,NA,NA,NA,NA,NA,NA,NA,NA,NA,NA,NA,NA,NA,NA,NA,NA,NA,NA,NA,NA,NA,NA,NA,NA,NA,NA,NA,NA,NA,NA,NA,NA,NA,NA,NA,NA,NA,NA,NA,NA,NA,NA,NA,NA,NA,NA,NA,NA,NA
"121","Saudi Arabia","Asia","Western Asia",NA,NA,NA,NA,NA,NA,NA,NA,NA,NA,NA,NA,NA,NA,NA,NA,NA,NA,NA,NA,NA,NA,NA,NA,NA,NA,NA,NA,NA,NA,NA,NA,NA,NA,NA,NA,NA,NA,NA,NA,NA,NA,NA,NA,NA,NA,NA,NA,NA,NA,NA,NA,NA,NA
"122","Senegal","Africa","Western Africa",15,15,4.62507211670284,4.62507211670284,4.62507211670284,4.62507211670284,4.62507211670284,271.059487525887,10.4954750209407,10.7762191928964,11.1337804309552,0.21511217,0.21511217,0.21511217,0.21511217,0.21511217,0.22086622,0.22086622,0.22086622,0.22086622,0.22086622,0.22819469,0.22819469,0.22819469,0.22819469,0.22819469,0.0387201906,0.0387201906,0.0387201906,0.0387201906,0.0397559196,0.0397559196,0.0397559196,0.0397559196,0.0410750442,0.0410750442,0.0410750442,0.0410750442,0.179083673897479,0.179083673897479,0.179083673897479,0.179083673897479,0.179083673897479,0.18387399521584,0.18387399521584,0.18387399521584,0.18387399521584,0.18387399521584,0.189975041621757,0.189975041621757,0.189975041621757,0.189975041621757,0.189975041621757,1
"123","Serbia","Europe","Southern Europe",45,45,0.641402956612781,0.641402956612781,0.641402956612781,0.641402956612781,0.641402956612781,1.3473978990043,0.0280957507374542,0.0195212889922607,-0.00466210217791444,0.23168732,0.23168732,0.23168732,0.23168732,0.23168732,0.16097933,0.16097933,0.16097933,0.16097933,0.16097933,-0.038445314,-0.038445314,-0.038445314,-0.038445314,-0.038445314,0.0208518588,0.0208518588,0.0208518588,0.0208518588,0.0144881397,0.0144881397,0.0144881397,0.0144881397,-0.00346007826,-0.00346007826,-0.00346007826,-0.00346007826,0.0133744438851922,0.0133744438851922,0.0133744438851922,0.0133744438851922,0.0133744438851922,0.00929273563939901,0.00929273563939901,0.00929273563939901,0.00929273563939901,0.00929273563939901,-0.00221930442607561,-0.00221930442607561,-0.00221930442607561,-0.00221930442607561,-0.00221930442607561,1
"124","Sierra Leone","Africa","Western Africa",NA,NA,NA,NA,NA,NA,NA,NA,NA,NA,NA,NA,NA,NA,NA,NA,NA,NA,NA,NA,NA,NA,NA,NA,NA,NA,NA,NA,NA,NA,NA,NA,NA,NA,NA,NA,NA,NA,NA,NA,NA,NA,NA,NA,NA,NA,NA,NA,NA,NA,NA,NA,NA,NA
"125","Slovakia","Europe","Eastern Europe",NA,NA,NA,NA,NA,NA,NA,NA,NA,NA,NA,NA,NA,NA,NA,NA,NA,NA,NA,NA,NA,NA,NA,NA,NA,NA,NA,NA,NA,NA,NA,NA,NA,NA,NA,NA,NA,NA,NA,NA,NA,NA,NA,NA,NA,NA,NA,NA,NA,NA,NA,NA,NA,NA
"126","Slovenia","Europe","Southern Europe",NA,NA,NA,NA,NA,NA,NA,NA,NA,NA,NA,NA,NA,NA,NA,NA,NA,NA,NA,NA,NA,NA,NA,NA,NA,NA,NA,NA,NA,NA,NA,NA,NA,NA,NA,NA,NA,NA,NA,NA,NA,NA,NA,NA,NA,NA,NA,NA,NA,NA,NA,NA,NA,NA
"127","Somalia","Africa","East Africa",1.54545454545455,1.41390773495964,3.89983012319396,3.89983013189318,3.89983015190738,3.89983007254003,3.89983024079551,79.7168923440536,1.90506093017494,1.91039637159316,1.91695934944289,0.15300943,0.147012422727273,0.149361452303046,0.12659091,0.15777049,0.1510586,0.146042303636364,0.14977976400441,0.11259444,0.17144359,0.14750708,0.144181746,0.150294317574609,0.083132234,0.19345002,0.0244815088,0.0235219876363636,0.0202545456,0.0252432784,0.024169376,0.0233667685818182,0.0180151104,0.0274309744,0.0236011328,0.02306907936,0.01330115744,0.0309520032,0.0954737283585415,0.0917317561760608,0.0931974872595208,0.0789892864309285,0.0984444968034888,0.0942564616519497,0.0911264282527175,0.0934585024083114,0.0702558696488555,0.106976139503234,0.0920404096781718,0.0899654908944217,0.0937795698788737,0.0518722537841016,0.120707553583213,11
"128","South Africa","Africa","Southern Africa",-29.5675675675676,-28.5445158462802,2.27999996647369,2.25406346433451,2.30599003334403,1.56403060084258,2.75228790046989,46.9706686172655,1.61275279300283,1.51536287070489,1.38541889393396,0.1975863,0.197954958648649,0.190751760676688,0.13739103,0.26599459,0.18569529,0.189779840540541,0.179232760845406,0.12647446,0.26510189,0.16650273,0.178930725945946,0.163863361104834,0.10505079,0.26777813,0.035565534,0.0356318925567568,0.0247303854,0.0478790262,0.0334251522,0.0341603712972973,0.0227654028,0.0477183402,0.0299704914,0.0322075306702703,0.0189091422,0.0482000634,0.0816746606864867,0.0805238180389436,0.0792465062524076,0.045088548533402,0.10916417930431,0.0766061505392641,0.0772250445990851,0.0744500599295298,0.0413722879319005,0.108797815225759,0.0683423444597405,0.072851306333797,0.0680614698554885,0.0363793541872223,0.109896145276416,37
"129","Spain","Europe","Southern Europe",39.2083333333333,38.7663880006761,7.28785706305887,6.95508056498504,7.24542415191913,5.24272868791298,8.15988938268011,19864.9483506888,341.40255073389,347.552618264172,356.993633176874,0.266922265,0.266767940833333,0.245516837501836,0.1987497,0.30425813,0.277223185,0.274763527916667,0.249939608003145,0.1971256,0.31845814,0.29911872,0.2871809275,0.256729036257831,0.19493756,0.34489041,0.01868455855,0.0186737558583333,0.013912479,0.0212980691,0.01940562295,0.0192334469541667,0.013798792,0.0222920698,0.0209383104,0.020102664925,0.0136456292,0.0241423287,0.135154555926938,0.129546479707952,0.124381334784126,0.0950650644992022,0.152757612276268,0.139771161413643,0.133576446437471,0.126842412222612,0.0960287792167043,0.158809310193256,0.145897456141565,0.139803845077427,0.130598938192864,0.097467222492624,0.171818648761806,24
"130","Sri Lanka","Asia","Southern Asia",NA,NA,NA,NA,NA,NA,NA,NA,NA,NA,NA,NA,NA,NA,NA,NA,NA,NA,NA,NA,NA,NA,NA,NA,NA,NA,NA,NA,NA,NA,NA,NA,NA,NA,NA,NA,NA,NA,NA,NA,NA,NA,NA,NA,NA,NA,NA,NA,NA,NA,NA,NA,NA,NA
"131","Sudan","Africa","Northern Africa",11.9642857142857,12.308396239318,1.50999998259929,1.56674922113221,1.63888577165505,0.790000013676734,2.15407045348415,79.6432637420271,2.59898158262471,2.38732791475079,2.08248173069112,0.196235905,0.201568064642857,0.203954912546267,0.16706306,0.23729402,0.18587629,0.186438747142857,0.187345404572099,0.14071332,0.22128037,0.174148005,0.164532461107143,0.163422619883812,0.072589311,0.21255909,0.0313977448,0.0322508903428571,0.0267300896,0.0379670432,0.0297402064,0.0298301995428571,0.0225141312,0.0354048592,0.0278636808,0.0263251937771429,0.01161428976,0.0340094544,0.0467353090193633,0.0507779781169784,0.0536190141130558,0.0211167711495803,0.0747327319688356,0.0440958609061337,0.0470765640798098,0.0493719104866346,0.017923822406303,0.0714997170259943,0.040971813274639,0.0417534413333107,0.0432967172482486,0.0130246784014874,0.0674272074338606,28
"132","Suriname","Americas","South America",NA,NA,NA,NA,NA,NA,NA,NA,NA,NA,NA,NA,NA,NA,NA,NA,NA,NA,NA,NA,NA,NA,NA,NA,NA,NA,NA,NA,NA,NA,NA,NA,NA,NA,NA,NA,NA,NA,NA,NA,NA,NA,NA,NA,NA,NA,NA,NA,NA,NA,NA,NA,NA,NA
"133","Swaziland","Africa","Southern Africa",-27,-27,4.62008997828886,4.62008997828886,4.62008997828886,4.62008997828886,4.62008997828886,3.11109484917754,0.075287865664499,0.0613039211596593,0.0413210444117027,0.13444332,0.13444332,0.13444332,0.13444332,0.13444332,0.10947186,0.10947186,0.10947186,0.10947186,0.10947186,0.073787965,0.073787965,0.073787965,0.073787965,0.073787965,0.0241997976,0.0241997976,0.0241997976,0.0241997976,0.0197049348,0.0197049348,0.0197049348,0.0197049348,0.0132818337,0.0132818337,0.0132818337,0.0132818337,0.111805242368379,0.111805242368379,0.111805242368379,0.111805242368379,0.111805242368379,0.0910385717923154,0.0910385717923154,0.0910385717923154,0.0910385717923154,0.0910385717923154,0.0613632667706692,0.0613632667706692,0.0613632667706692,0.0613632667706692,0.0613632667706692,1
"134","Sweden","Europe","Northern Europe",NA,NA,NA,NA,NA,NA,NA,NA,NA,NA,NA,NA,NA,NA,NA,NA,NA,NA,NA,NA,NA,NA,NA,NA,NA,NA,NA,NA,NA,NA,NA,NA,NA,NA,NA,NA,NA,NA,NA,NA,NA,NA,NA,NA,NA,NA,NA,NA,NA,NA,NA,NA,NA,NA
"135","Switzerland","Europe","Western Europe",NA,NA,NA,NA,NA,NA,NA,NA,NA,NA,NA,NA,NA,NA,NA,NA,NA,NA,NA,NA,NA,NA,NA,NA,NA,NA,NA,NA,NA,NA,NA,NA,NA,NA,NA,NA,NA,NA,NA,NA,NA,NA,NA,NA,NA,NA,NA,NA,NA,NA,NA,NA,NA,NA
"136","Syrian Arab Republic","Asia","Western Asia",NA,NA,NA,NA,NA,NA,NA,NA,NA,NA,NA,NA,NA,NA,NA,NA,NA,NA,NA,NA,NA,NA,NA,NA,NA,NA,NA,NA,NA,NA,NA,NA,NA,NA,NA,NA,NA,NA,NA,NA,NA,NA,NA,NA,NA,NA,NA,NA,NA,NA,NA,NA,NA,NA
"137","Taiwan","Asia","Eastern Asia",NA,NA,NA,NA,NA,NA,NA,NA,NA,NA,NA,NA,NA,NA,NA,NA,NA,NA,NA,NA,NA,NA,NA,NA,NA,NA,NA,NA,NA,NA,NA,NA,NA,NA,NA,NA,NA,NA,NA,NA,NA,NA,NA,NA,NA,NA,NA,NA,NA,NA,NA,NA,NA,NA
"138","Tajikistan","Asia","Central Asia",38,37.3962836788269,3.51000002189121,3.29500004599465,3.49256764558616,2.65000007381715,3.51000006637903,970.595651033155,55.3183085003715,62.6953191655045,90.6069651118238,0.34895764,0.3539698,0.335259914220399,0.29975479,0.41820913,0.45230866,0.4310780875,0.379968728170826,0.32538651,0.49430852,0.49948072,0.40520736,0.549128926293122,-0.517441,1.139309,0.0593227988,0.060174866,0.0509583143,0.0710955521,0.0768924722,0.073283274875,0.0553157067,0.0840324484,0.0849117224,0.0688852512,-0.08796497,0.19368253,0.199950867451079,0.199244346264905,0.199079100298292,0.147530262184533,0.249545387972929,0.235843522418538,0.240199767925275,0.225346978288639,0.194158132859549,0.294953894004477,0.298040150503252,0.260699701147715,0.329198672872026,-0.233107176993324,0.679825680577682,4
"139","Thailand","Asia","South-Eastern Asia",15.2068965517241,15.0093825840722,2.13753319840813,2.41952035584726,2.62962529456549,1.71002667406013,3.58218807329885,585011.731303538,15735.8187147205,16178.8393274513,16726.6599790796,0.17349984,0.167912877586207,0.168114350028263,0.11581172,0.18242488,0.17735475,0.172210519655172,0.17284738131876,0.11114736,0.19027022,0.18383538,0.177571556206897,0.178700048691853,0.10535968,0.20101134,0.0277599744,0.0268660604137931,0.0185298752,0.0291879808,0.02837676,0.0275536831448276,0.0177835776,0.0304432352,0.0294136608,0.0284114489931034,0.0168575488,0.0321618144,0.0561876114797833,0.0650962319546924,0.0703191542165297,0.0373448972541855,0.0986214737011554,0.0580518207137046,0.0667074157951306,0.0721518769245264,0.035840817658817,0.101368473856438,0.0605163721576134,0.0687204727360581,0.0744155935772553,0.0339745098711414,0.104850384297495,29
"140","The former Yugoslav Republic of Macedonia","Europe","Southern Europe",41,41,4.80796148189713,4.80796148189713,4.80796148189713,4.80796148189713,4.80796148189713,230.920451901816,5.07306813104944,3.31102948426036,-6.84516089267,0.24409888,0.24409888,0.24409888,0.24409888,0.24409888,0.15931554,0.15931554,0.15931554,0.15931554,0.15931554,-0.32936599,-0.32936599,-0.32936599,-0.32936599,-0.32936599,0.0219688992,0.0219688992,0.0219688992,0.0219688992,0.0143383986,0.0143383986,0.0143383986,0.0143383986,-0.0296429391,-0.0296429391,-0.0296429391,-0.0296429391,0.105625621153281,0.105625621153281,0.105625621153281,0.105625621153281,0.105625621153281,0.0689384681808878,0.0689384681808878,0.0689384681808878,0.0689384681808878,0.0689384681808878,-0.142522109403022,-0.142522109403022,-0.142522109403022,-0.142522109403022,-0.142522109403022,1
"141","Timor-Leste","Asia","South-Eastern Asia",NA,NA,NA,NA,NA,NA,NA,NA,NA,NA,NA,NA,NA,NA,NA,NA,NA,NA,NA,NA,NA,NA,NA,NA,NA,NA,NA,NA,NA,NA,NA,NA,NA,NA,NA,NA,NA,NA,NA,NA,NA,NA,NA,NA,NA,NA,NA,NA,NA,NA,NA,NA,NA,NA
"142","Togo","Africa","Western Africa",NA,NA,NA,NA,NA,NA,NA,NA,NA,NA,NA,NA,NA,NA,NA,NA,NA,NA,NA,NA,NA,NA,NA,NA,NA,NA,NA,NA,NA,NA,NA,NA,NA,NA,NA,NA,NA,NA,NA,NA,NA,NA,NA,NA,NA,NA,NA,NA,NA,NA,NA,NA,NA,NA
"143","Trinidad and Tobago","Americas","Caribbean",NA,NA,NA,NA,NA,NA,NA,NA,NA,NA,NA,NA,NA,NA,NA,NA,NA,NA,NA,NA,NA,NA,NA,NA,NA,NA,NA,NA,NA,NA,NA,NA,NA,NA,NA,NA,NA,NA,NA,NA,NA,NA,NA,NA,NA,NA,NA,NA,NA,NA,NA,NA,NA,NA
"144","Tunisia","Africa","Northern Africa",NA,NA,NA,NA,NA,NA,NA,NA,NA,NA,NA,NA,NA,NA,NA,NA,NA,NA,NA,NA,NA,NA,NA,NA,NA,NA,NA,NA,NA,NA,NA,NA,NA,NA,NA,NA,NA,NA,NA,NA,NA,NA,NA,NA,NA,NA,NA,NA,NA,NA,NA,NA,NA,NA
"145","Turkey","Asia","Western Asia",38.8846153846154,40.2808089745782,4.78763606846096,4.09963998964805,5.60518838899179,0.89108456420573,6.19069340947605,6476.59200223473,243.765827493723,219.095053886706,175.05460963239,0.26771105,0.271840432307692,0.235237362691687,0.21925753,0.34059446,0.248078815,0.258182777307692,0.211429728214996,0.18985132,0.40200918,0.21167434,0.234883451269231,0.16893009623347,0.082532423,0.59890549,0.042833768,0.0434944691692308,0.0350812048,0.0544951136,0.0396926104,0.0413092443692308,0.0303762112,0.0643214688,0.0338678944,0.0375813522030769,0.01320518768,0.0958248784,0.198398738715887,0.171240766606334,0.211079123026282,0.0463157783547499,0.275296946474156,0.165086291291851,0.158774951044205,0.189767889161906,0.0477386636126089,0.268890846649358,0.124629018720481,0.135087635146907,0.151694073915282,0.0521263996501405,0.254809237887318,26
"146","Turkmenistan","Asia","Central Asia",39.1666666666667,40.4133130726465,1.70000003124113,1.70000004551924,1.97728949911159,1.23000001797483,2.17000009696063,2018.44050197921,86.6808346369229,86.8025586391549,87.8302020671217,0.261337495,0.2731828,0.252614462536873,0.2378449,0.33182165,0.26584071,0.286057695,0.252969203507359,0.22941643,0.38469685,0.273796395,0.314224388333333,0.25596407075019,0.21489103,0.50149964,0.04442737415,0.046441076,0.040433633,0.0564096805,0.0451929207,0.04862980815,0.0390007931,0.0653984645,0.04654538715,0.0534181460166667,0.0365314751,0.0852549388,0.0785624479104363,0.0773627852060672,0.0835625038077261,0.0500973355272175,0.104431703378093,0.0825359188110883,0.0800310923982197,0.082823183195707,0.0486311806579748,0.110340806380726,0.0821645146253711,0.085877979421527,0.0820291937435926,0.0460661404413175,0.120735825676405,6
"147","Uganda","Africa","East Africa",2.09090909090909,1.03244474411161,1.85961529986963,1.99127883192461,1.93309497202539,1.80648348107744,2.39046093801454,616.754521480494,10.3062481996983,1.4920999937231,-17.9065483582681,0.12153996,0.125625328,0.104440338910676,0.07995798,0.18149363,0.040891279,0.0533173958818182,0.0151204808979488,-0.028621182,0.16427396,-0.10955477,-0.0901425231818182,-0.181459435385291,-0.32375995,0.14337158,0.0194463936,0.02010005248,0.0127932768,0.0290389808,0.00654260464,0.00853078334109091,-0.00457938912,0.0262838336,-0.0175287632,-0.0144228037090909,-0.051801592,0.0229394528,0.0396526818861419,0.0407755937336157,0.033580013934155,0.0231108432080513,0.0694165492821543,0.014165548629338,0.0184780501598701,0.00712820729837255,-0.00827259079870575,0.0628304775220742,-0.0336105011908802,-0.0254003997096491,-0.0506901917255983,-0.093651283630308,0.0548358658578284,11
"148","Ukraine","Europe","Eastern Europe",48.6885245901639,48.3815167002401,3.39000008344058,3.3591236351426,3.36702326376731,2.65490324330445,3.39000030340677,1851.62844364154,64.5373092652793,61.8977326656132,53.860853922367,0.27653576,0.265200735245902,0.268110398825919,0.21633951,0.29805107,0.27427207,0.251474353442623,0.257144680810638,0.14812159,0.30984224,0.27033236,0.208674395709836,0.223756695012994,-0.090060631,0.32909452,0.0359496488,0.0344760955819672,0.0281241363,0.0387466391,0.0356553691,0.032691665947541,0.0192558067,0.0402794912,0.0351432068,0.0271276714422787,-0.01170788203,0.0427822876,0.121706066356906,0.11581059153017,0.117349535587256,0.0878345064581321,0.130262883075262,0.120774383503072,0.109830803361889,0.112556730817189,0.0652771866702429,0.130871353185589,0.119026025369736,0.0912262243962136,0.0980004109973166,-0.0396897212717394,0.13990094871095,61
"149","United Kingdom","Europe","Northern Europe",NA,NA,NA,NA,NA,NA,NA,NA,NA,NA,NA,NA,NA,NA,NA,NA,NA,NA,NA,NA,NA,NA,NA,NA,NA,NA,NA,NA,NA,NA,NA,NA,NA,NA,NA,NA,NA,NA,NA,NA,NA,NA,NA,NA,NA,NA,NA,NA,NA,NA,NA,NA,NA,NA
"150","United States","Americas","Northern America",34.1176470588235,33.7567267155286,6.66635332176016,6.97889434923799,6.94514221911544,4.8931919906635,9.36696814395306,273165.909657534,6131.50605221615,5896.90929997571,5614.48978119758,0.24951349,0.245032851764706,0.249400977999177,0.19200589,0.28975721,0.23682335,0.241912992352941,0.239858679753699,0.18331901,0.32999924,0.22901867,0.244603008235294,0.228371175119522,0.1713179,0.46480235,0.0224562141,0.0220529566588235,0.0172805301,0.0260781489,0.0213141015,0.0217721693117647,0.0164987109,0.0296999316,0.0206116803,0.0220142707411765,0.015418611,0.0418322115,0.152361633418819,0.155773772751852,0.156667207290835,0.0880939395278019,0.244273189999564,0.145571998337018,0.155500540609597,0.151214542024806,0.084100203813159,0.274046090308534,0.136260298824771,0.16097167230523,0.145122711853929,0.0785254645547144,0.38599260647909,17
"151","Uruguay","Americas","South America",-33.2857142857143,-32.9032197953858,5.90644732063919,5.82673484574297,5.67182326965399,3.43240790946993,7.42525405561268,39156.0707883112,629.045368063688,548.775778969239,430.444818572702,0.13685476,0.135325945,0.123577530282004,0.1081419,0.16275727,0.130207555,0.122638688571429,0.107808369454102,0.076791065,0.15073482,0.116607245,0.104014190071429,0.0845619573762036,0.026001056,0.13415088,0.0177911188,0.01759237285,0.014058447,0.0211584451,0.01692698215,0.0159430295142857,0.00998283845,0.0195955266,0.01515894185,0.0135218447092857,0.00338013728,0.0174396144,0.104331605682494,0.10280280452257,0.0913782783097349,0.0610644404258876,0.134132524724182,0.098797805963835,0.0937806452176718,0.0800465192661841,0.0433615778336886,0.124512234142733,0.086713324987101,0.0806514447907054,0.0633932905502982,0.0146820051721134,0.115468692360985,14
"152","Uzbekistan","Asia","Central Asia",40.1666666666667,39.7204743366136,2.41000010643328,2.54285380916564,2.49992581353869,2.17000003646305,3.50999995713508,2940.7722787323,152.120210224124,178.157495252545,365.324829121378,0.314006525,0.316390704166667,0.304282236504894,0.23728097,0.41467872,0.35623121,0.4161213225,0.356363963905156,0.23210339,1.0841832,0.466687225,1.32921375176471,0.730750081741556,0.2225785,5.88235294117647,0.05338110925,0.0537864197083333,0.0403377649,0.0704953824,0.0605593057,0.070740624825,0.0394575763,0.184311144,0.07933682825,0.2259663378,0.037838345,1,0.13843631724767,0.138122293779733,0.130262910053074,0.0875329513038378,0.188069216443256,0.169333371922468,0.183123418574037,0.152995722188442,0.0856229420097434,0.488424555578316,0.261379437601759,0.601092226164448,0.313421826038224,0.0821092100297013,2.65000013009694,12
"153","Venezuela","Americas","South America",7.71052631578947,8.70521035823498,4.84999991337008,4.63230895607631,4.74091375364,2.14704962294615,8.67873761553696,11357.9305734686,220.722343046062,188.485787023492,141.833712291056,0.13723051,0.138061053605263,0.14948710650191,0.077753557,0.17563163,0.09919325,0.104547885770789,0.127654475437482,-0.017818158,0.17867722,0.0501741385,0.0529722459657895,0.0960587449472198,-0.18496785,0.18321317,0.0178399663,0.0179479369686842,0.01010796241,0.0228321119,0.0128951225,0.0135912251502026,-0.00231636054,0.0232280386,0.006522638005,0.00688639197555263,-0.0240458205,0.0238177121,0.084078614685399,0.0812973756523697,0.0915032489953434,0.0343359373114187,0.11927960297657,0.0584174394787735,0.0591855323067777,0.0774619073807529,-0.0138714279047414,0.106458931418877,0.0288544894184816,0.0249943689111659,0.0570890366702254,-0.14399738715809,0.102072246736177,38
"154","Viet Nam","Asia","South-Eastern Asia",23,23,5.33913413331885,5.33913413331885,5.33913413331885,5.33913413331885,5.33913413331885,3286.15728295513,83.3291236980198,82.6033153967852,81.5596817933093,0.21131349,0.21131349,0.21131349,0.21131349,0.21131349,0.20947292,0.20947292,0.20947292,0.20947292,0.20947292,0.20682638,0.20682638,0.20682638,0.20682638,0.20682638,0.0253576188,0.0253576188,0.0253576188,0.0253576188,0.0251367504,0.0251367504,0.0251367504,0.0251367504,0.0248191656,0.0248191656,0.0248191656,0.0248191656,0.135387728074768,0.135387728074768,0.135387728074768,0.135387728074768,0.135387728074768,0.134208482061356,0.134208482061356,0.134208482061356,0.134208482061356,0.134208482061356,0.132512854215453,0.132512854215453,0.132512854215453,0.132512854215453,0.132512854215453,1
"155","Yemen","Asia","Western Asia",NA,NA,NA,NA,NA,NA,NA,NA,NA,NA,NA,NA,NA,NA,NA,NA,NA,NA,NA,NA,NA,NA,NA,NA,NA,NA,NA,NA,NA,NA,NA,NA,NA,NA,NA,NA,NA,NA,NA,NA,NA,NA,NA,NA,NA,NA,NA,NA,NA,NA,NA,NA,NA,NA
"156","Zambia","Africa","East Africa",-13.3409090909091,-13.3349232103577,0.926769052592665,0.977769173419976,1.41051987664441,0.710721426997495,1.94696694030682,608.064048660105,18.1222885954032,17.0954763439988,15.7276557291549,0.18861819,0.184943360909091,0.185973575708164,0.12267155,0.21850584,0.179286085,0.171235238090909,0.175475423858914,0.077146746,0.20820528,0.1656715,0.152576508704545,0.161501992537864,0.007893981,0.19845928,0.0301789104,0.0298516798863636,0.022080879,0.0349609344,0.0286857736,0.0275982098836364,0.01388641428,0.0333128448,0.02650744,0.0245205793954545,0.00142091658,0.0317534848,0.0272253150818611,0.029232072337819,0.0419570900275355,0.0173707729559274,0.0573119312776805,0.025776781665306,0.0271308580986098,0.0398357212414293,0.0109242820283481,0.0554567178801894,0.0237331891604745,0.0242772202608041,0.0370377688677352,0.00111781869283795,0.053095965949993,44
"157","Zimbabwe","Africa","East Africa",-20,-21.0263111728699,2.17000006836314,2.47385837251308,3.30950751995819,0.324444114733994,5.33470657822749,8.6572987905045,0.275991707669493,0.253318247309108,0.224147317627284,0.1819332,0.182647775,0.177109200217538,0.16656358,0.20243454,0.16673099,0.168803482857143,0.162559203536477,0.15217345,0.19024444,0.14868999,0.150882957142857,0.143839655513907,0.13398697,0.17468346,0.032747976,0.0328765995,0.0299814444,0.0364382172,0.0300115782,0.0303846269142857,0.027391221,0.0342439992,0.0267641982,0.0271589322857143,0.0241176546,0.0314430228,0.0728840151522214,0.0800753161446334,0.104211184719941,0.0113448536469981,0.18011448615536,0.0671023420436897,0.0740024572151594,0.0956145282952166,0.0105364261885479,0.171110353937423,0.0593818964761981,0.0661699150118106,0.0845903548856238,0.00949548754238292,0.159734132703123,14
"158","United Republic of Tanzania",NA,NA,-3,-3.05553008680733,2.74903012366196,3.21863625791625,3.16838943111293,2.56989974710333,4.33697890298347,75.0929495614882,1.93457138586983,1.80812046739789,1.61360359615384,0.16079975,0.1611387,0.161014732172505,0.1606992,0.16191715,0.15436861,0.148247553333333,0.150490198976449,0.12811166,0.16226239,0.14602072,0.127976201,0.134300524015289,0.073782713,0.16412517,0.02572796,0.025782192,0.025711872,0.025906744,0.0246989776,0.0237196085333333,0.0204978656,0.0259619824,0.0233633152,0.02047619216,0.01180523408,0.0262600272,0.0706827106637406,0.0829473550848046,0.0816032268601819,0.0665777348538706,0.111581619736803,0.0678982334460521,0.0777240876720261,0.0773098239613327,0.0526774596215979,0.112596569948428,0.0642264572734094,0.0694846364360897,0.0706924589341709,0.0303382680766876,0.113889183958172,3
