"","NAME","Region","Subregion","MEAN_LAT_W","WMEAN_LAT_W","MED_YLD_HA_W","MEAN_YLD_HA_W","WMEAN_YLD_HA_W","MIN_YLD_HA_W","MAX_YLD_HA_W","TOT_YLD_TOT_W","TOT_CL2050_W2","TOT_CL2050_W3","TOT_CL2050_W4","MED_IPM_W2","MEAN_IPM_W2","WMEAN_IPM_W2","MIN_IPM_W2","MAX_IPM_W2","MED_IPM_W3","MEAN_IPM_W3","WMEAN_IPM_W3","MIN_IPM_W3","MAX_IPM_W3","MED_IPM_W4","MEAN_IPM_W4","WMEAN_IPM_W4","MIN_IPM_W4","MAX_IPM_W4","MED_IYCC_W2","MEAN_IYCC_W2","MIN_IYCC_W2","MAX_IYCC_W2","MED_IYCC_W3","MEAN_IYCC_W3","MIN_IYCC_W3","MAX_IYCC_W3","MED_IYCC_W4","MEAN_IYCC_W4","MIN_IYCC_W4","MAX_IYCC_W4","MED_YLPH_W2","MEAN_YLPH_W2","WMEAN_YLPH_W2","MIN_YLPH_W2","MAX_YLPH_W2","MED_YLPH_W3","MEAN_YLPH_W3","WMEAN_YLPH_W3","MIN_YLPH_W3","MAX_YLPH_W3","MED_YLPH_W4","MEAN_YLPH_W4","WMEAN_YLPH_W4","MIN_YLPH_W4","MAX_YLPH_W4","CELLS_W"
"1","Afghanistan","Asia","Southern Asia",34.0731707317073,34.5795884162914,0.720000032993037,0.960209844581258,1.34075641281874,0.720000016235554,2.89000006577286,54426.1757315979,1479.17558563568,1694.56799875171,2285.00797283025,0.29481789,0.301962085609756,0.293942798885413,0.23141916,0.38599838,0.33624267,0.349246535853659,0.337366004919458,0.22432869,0.4681702,0.41456253,0.481621685853659,0.457096496126795,0.21127113,1.2540085,0.02720667,0.0273127004987805,0.0201939423,0.0366698461,0.0302618403,0.0315634419060976,0.0201895821,0.042135318,0.0373106277,0.0434635993280488,0.0190144017,0.112860765,0.0213222639745526,0.0258671312131822,0.0358537745058659,0.014995962058527,0.0727661065260674,0.0254834252320653,0.029478244973527,0.0399950292489104,0.0145364995874977,0.0770560370737009,0.035306519700604,0.0389294107467662,0.0498087951076614,0.0136903696718203,0.0865974335722177,41
"2","Albania","Europe","Southern Europe",40,40.8874146558678,2.48424061124141,2.48424061124141,2.26764425381122,2.24016490661112,2.7283163158717,1184.57308102785,21.0921239244794,24.6197791470447,33.7857580004979,0.24837004,0.24837004,0.256292345598794,0.23944264,0.25729744,0.288558075,0.288558075,0.299134296179853,0.27664006,0.30047609,0.382561935,0.382561935,0.410274834242238,0.35133313,0.41379074,0.0161886896,0.0161886896,0.0143665584,0.0180108208,0.01881586495,0.01881586495,0.0165984036,0.0210333263,0.0250226698,0.0250226698,0.0210799878,0.0289653518,0.0397718621905327,0.0397718621905327,0.0402824331111735,0.0391965156856437,0.0403472086954217,0.0462019074029322,0.0462019074029322,0.0470149673983308,0.0452856953593036,0.0471181194465608,0.0612000196315609,0.0612000196315609,0.064472046123742,0.0575128746531165,0.0648871646100053,2
"3","Algeria","Africa","Northern Africa",NA,NA,NA,NA,NA,NA,NA,NA,NA,NA,NA,NA,NA,NA,NA,NA,NA,NA,NA,NA,NA,NA,NA,NA,NA,NA,NA,NA,NA,NA,NA,NA,NA,NA,NA,NA,NA,NA,NA,NA,NA,NA,NA,NA,NA,NA,NA,NA,NA,NA,NA,NA,NA,NA
"4","Angola","Africa","Middle Africa",-11.7076923076923,-10.5892948241837,1.69000004034897,1.54187369970398,1.59052953454553,0.197458735417386,4.91051523444873,123.939155432652,2.23319312972317,2.15450658033173,2.05943263259659,0.1790101,0.178201218153846,0.180184633494349,0.14704967,0.2028844,0.16723085,0.171012607538462,0.173835828783138,0.13137745,0.20080713,0.1609277,0.162362734923077,0.166164810903175,0.10956581,0.20201435,0.01790101,0.0178201218153846,0.014704967,0.02028844,0.016723085,0.0171012607538462,0.013137745,0.020080713,0.01609277,0.0162362734923077,0.010956581,0.020201435,0.0283033412608203,0.0273318115455876,0.0286095274255444,0.00353627447301975,0.089253416870005,0.0268602958180491,0.0262015897466173,0.0275876983722891,0.00337974774870197,0.0855166964656532,0.0253213047747891,0.0248424119172178,0.026353223449318,0.00319072010636944,0.0810934221948274,65
"5","Argentina","Americas","South America",-32.8269230769231,-35.4395777895344,2.08440401530189,2.14691653934722,2.37970101313168,1.2743774600546,2.66049541008592,232009.532686539,2404.27080668341,2505.30467808525,2634.69760141368,0.119174605,0.132025747692308,0.115142338182943,0.10407771,0.20098778,0.12543416,0.136351730192308,0.119980926313924,0.10693019,0.20743914,0.13337049,0.141721495576923,0.126177650782294,0.10980071,0.21499665,0.01072571445,0.0118823172923077,0.0093669939,0.0180889002,0.0112890744,0.0122716557173077,0.0096237171,0.0186695226,0.0120033441,0.0127549346019231,0.0098820639,0.0193496985,0.0251722225132019,0.0246994209775693,0.0246539124296803,0.0183870101421826,0.0344939767552204,0.0259865400301632,0.0255649804603409,0.025745047536778,0.0188611806121843,0.0354476292347922,0.026879902045216,0.0266477657209466,0.0271467098804906,0.0193561086914408,0.0365573454912809,52
"6","Armenia","Asia","Western Asia",NA,NA,NA,NA,NA,NA,NA,NA,NA,NA,NA,NA,NA,NA,NA,NA,NA,NA,NA,NA,NA,NA,NA,NA,NA,NA,NA,NA,NA,NA,NA,NA,NA,NA,NA,NA,NA,NA,NA,NA,NA,NA,NA,NA,NA,NA,NA,NA,NA,NA,NA,NA,NA,NA
"7","Australia","Oceania","Australia and New Zealand",-35.75,-35.4620312516528,2.2177079656129,2.18645003366416,2.20776218531213,1.66970298109706,2.86846401831158,125530.276890374,2358.53057453225,3003.43979970178,4425.42601988226,0.2118018,0.210438678,0.208761550772857,0.1900673,0.22871163,0.2712248,0.2717970205,0.265844656418334,0.22400025,0.33919025,0.383127075,0.4146195115,0.391709485862567,0.27712892,0.70332656,0.019062162,0.01893948102,0.017106057,0.0205840467,0.024410232,0.024461731845,0.0201600225,0.0305271225,0.03448143675,0.037315756035,0.0249416028,0.0632993904,0.0428146916077557,0.0414732282306472,0.0415475922479276,0.0299979796934058,0.0571404348805436,0.0549802029204682,0.0533486607191116,0.0527297961483041,0.0396116188935366,0.0709896413385631,0.07507714132435,0.0806322963714774,0.0771323124661076,0.0510419063435795,0.124866486712892,20
"8","Austria","Europe","Western Europe",NA,NA,NA,NA,NA,NA,NA,NA,NA,NA,NA,NA,NA,NA,NA,NA,NA,NA,NA,NA,NA,NA,NA,NA,NA,NA,NA,NA,NA,NA,NA,NA,NA,NA,NA,NA,NA,NA,NA,NA,NA,NA,NA,NA,NA,NA,NA,NA,NA,NA,NA,NA,NA,NA
"9","Azerbaijan","Asia","Western Asia",40.5,40.4072367277774,2.11265428308708,2.05391667087327,2.10027064282214,1.76022844082834,2.11265448424194,17092.9172921483,430.493263959203,468.215842333446,539.601698554989,0.25643339,0.258557375,0.251854763350989,0.23464635,0.28761539,0.27782693,0.282228561666667,0.273923891592528,0.2437577,0.31695321,0.317344445,0.331676366666667,0.315687304473684,0.25859362,0.39751002,0.025643339,0.0258557375,0.023464635,0.028761539,0.027782693,0.0282228561666667,0.02437577,0.031695321,0.0317344445,0.0331676366666667,0.025859362,0.039751002,0.0513342811731439,0.052934850280767,0.052852031647133,0.0495726640306833,0.0590115705758509,0.0559780179664104,0.057773299730332,0.0574802252976022,0.0514975773839742,0.0669612563301687,0.0670439075728504,0.0677450944508702,0.0662032848152804,0.0546318945286735,0.0839801254671959,6
"10","Bangladesh","Asia","Southern Asia",24,24.2594889094859,2.15649605769696,2.08253555514621,2.19095200111063,1.77849985697127,2.29622829915419,34141.7716220859,432.033461528352,452.432509012283,475.934209397469,0.17955419,0.17987930875,0.180772886116714,0.17467693,0.18682314,0.18754638,0.187995175,0.189308323799381,0.18198806,0.19649673,0.19666113,0.19735463,0.199141983887308,0.19036633,0.20776969,0.0125687933,0.0125915516125,0.0122273851,0.0130776198,0.0131282466,0.01315966225,0.0127391642,0.0137547711,0.0137662791,0.0138148241,0.0133256431,0.0145438783,0.0269157307339339,0.026214193955066,0.0277168410269928,0.022032255597994,0.0291276132977665,0.0280370526151619,0.0273990008200434,0.0290270726175149,0.0229157604383917,0.0305548307753245,0.0293312214293644,0.0287651143643369,0.0305364250782759,0.0239330376354313,0.0322020203940349,8
"11","Belarus","Europe","Eastern Europe",NA,NA,NA,NA,NA,NA,NA,NA,NA,NA,NA,NA,NA,NA,NA,NA,NA,NA,NA,NA,NA,NA,NA,NA,NA,NA,NA,NA,NA,NA,NA,NA,NA,NA,NA,NA,NA,NA,NA,NA,NA,NA,NA,NA,NA,NA,NA,NA,NA,NA,NA,NA,NA,NA
"12","Belgium","Europe","Western Europe",NA,NA,NA,NA,NA,NA,NA,NA,NA,NA,NA,NA,NA,NA,NA,NA,NA,NA,NA,NA,NA,NA,NA,NA,NA,NA,NA,NA,NA,NA,NA,NA,NA,NA,NA,NA,NA,NA,NA,NA,NA,NA,NA,NA,NA,NA,NA,NA,NA,NA,NA,NA,NA,NA
"13","Belize","Americas","Central America",NA,NA,NA,NA,NA,NA,NA,NA,NA,NA,NA,NA,NA,NA,NA,NA,NA,NA,NA,NA,NA,NA,NA,NA,NA,NA,NA,NA,NA,NA,NA,NA,NA,NA,NA,NA,NA,NA,NA,NA,NA,NA,NA,NA,NA,NA,NA,NA,NA,NA,NA,NA,NA,NA
"14","Benin","Africa","Western Africa",12,12,1.86577655352943,1.86577655352943,1.86577655352943,1.86577655352943,1.86577655352943,21.5926057023884,0.416895304744627,0.423490463859942,0.431050466968462,0.19307318,0.19307318,0.19307318,0.19307318,0.19307318,0.19612754,0.19612754,0.19612754,0.19612754,0.19612754,0.19962874,0.19962874,0.19962874,0.19962874,0.19962874,0.019307318,0.019307318,0.019307318,0.019307318,0.019612754,0.019612754,0.019612754,0.019612754,0.019962874,0.019962874,0.019962874,0.019962874,0.0360231412359368,0.0360231412359368,0.0360231412359368,0.0360231412359368,0.0360231412359368,0.0365930165633406,0.0365930165633406,0.0365930165633406,0.0365930165633406,0.0365930165633406,0.0372462622502623,0.0372462622502623,0.0372462622502623,0.0372462622502623,0.0372462622502623,1
"15","Bhutan","Asia","Southern Asia",27,27,1.62943278966677,1.64804342055149,2.24043278952998,0.734016954078608,2.59929114879381,400.804927591455,6.47595149035417,7.43446774269179,9.34534397421287,0.21921378,0.2228779125,0.230819499339203,0.20492729,0.2481568,0.24535906,0.25288086,0.264983473822736,0.22531219,0.29549313,0.29200704,0.31117561,0.333091997445225,0.25994328,0.40074508,0.0153449646,0.015601453875,0.0143449103,0.017370976,0.0171751342,0.0177016602,0.0157718533,0.0206845191,0.0204404928,0.0217822927,0.0181960296,0.0280521556,0.0261362700296308,0.0266590403580685,0.0366453492604472,0.0106473064328625,0.0437163149401499,0.0295031337890004,0.0306919945775464,0.0422818370943035,0.0117064346578211,0.0520552760743637,0.0356824866174129,0.0388669019157305,0.0536649609951883,0.0135057451709989,0.070596889257097,4
"16","Bolivia","Americas","South America",-17.9166666666667,-18.3879848416138,1.11683545024466,0.948404542309709,0.977142708571536,0.674754728379342,1.1168355058432,2875.16096746391,49.7520844720942,44.8942797856613,37.7470193886961,0.17694199,0.169956791666667,0.173073870247242,0.11582453,0.23054996,0.17356698,0.151040932194444,0.156177716700902,0.026124085,0.23210029,0.16889571,0.122382739855556,0.131318628630963,-0.14520122,0.23391027,0.017694199,0.0169181501333333,0.011582453,0.0207494964,0.017356698,0.0150266150673611,0.0026124085,0.0208890261,0.016889571,0.0121608469911111,-0.014520122,0.0210519243,0.0197057614192856,0.0164417703784998,0.0173158779484037,0.00781531521065901,0.0224792789226233,0.0192178907907104,0.0149873267356891,0.0159820915728337,0.00176273500388274,0.0220299731829066,0.0184864471617612,0.0128279942156175,0.0140579515881387,-0.00979752106534943,0.0215312837995368,36
"17","Bosnia and Herzegovina","Europe","Southern Europe",NA,NA,NA,NA,NA,NA,NA,NA,NA,NA,NA,NA,NA,NA,NA,NA,NA,NA,NA,NA,NA,NA,NA,NA,NA,NA,NA,NA,NA,NA,NA,NA,NA,NA,NA,NA,NA,NA,NA,NA,NA,NA,NA,NA,NA,NA,NA,NA,NA,NA,NA,NA,NA,NA
"18","Botswana","Africa","Southern Africa",-20,-21.8160933565683,5.41876647012566,5.41876647012566,4.52776043356243,4.43753273195827,6.40000020829305,148.428819155004,2.4578356848873,2.44027097705898,2.41984781487554,0.185335735,0.185335735,0.183029337299259,0.18279578,0.18787569,0.18473669,0.18473669,0.181713502952588,0.18140736,0.18806602,0.184041665,0.184041665,0.180183515411206,0.17979282,0.18829051,0.0176195946,0.0176195946,0.0164516202,0.018787569,0.0175666322,0.0175666322,0.0163266624,0.018806602,0.0175052024,0.0175052024,0.0161813538,0.018829051,0.096622524322283,0.096622524322283,0.0751763494367852,0.0730046031312459,0.12024044551332,0.0964061777604584,0.0964061777604584,0.074652939839,0.0724500988036324,0.120362256717284,0.0961556087284289,0.0961556087284289,0.074044380090272,0.0718052871348974,0.12050593032196,2
"19","Brazil","Americas","South America",-21.9555555555556,-26.1715751273109,1.84479828452115,2.14089785307643,1.91911287331478,0.588802218692004,3.82348781811385,89754.7544778295,1439.1916234492,1484.560454115,1539.65986034299,0.174105715,0.175837542777778,0.178163394097197,0.13708345,0.21686955,0.169558315,0.172841928,0.183779795303279,0.12198395,0.22283493,0.169247935,0.169181277111111,0.190600785597057,0.10369332,0.23962735,0.01566951435,0.0158345375644444,0.0123375105,0.0195182595,0.01526024835,0.0155640764577778,0.0109785555,0.0200551437,0.01523231415,0.0152336299127778,0.0093323988,0.0215664615,0.0287501380917892,0.0330172544925104,0.030690582868691,0.00864295188588874,0.0579956760758426,0.0295896210582898,0.0320983510876331,0.0315982442635703,0.00897938348545014,0.0552037768683003,0.0299537057144365,0.0309736267889934,0.0327028528781657,0.00937967137326477,0.0519974105971183,90
"20","Brunei Darussalam","Asia","South-Eastern Asia",NA,NA,NA,NA,NA,NA,NA,NA,NA,NA,NA,NA,NA,NA,NA,NA,NA,NA,NA,NA,NA,NA,NA,NA,NA,NA,NA,NA,NA,NA,NA,NA,NA,NA,NA,NA,NA,NA,NA,NA,NA,NA,NA,NA,NA,NA,NA,NA,NA,NA,NA,NA,NA,NA
"21","Bulgaria","Europe","Eastern Europe",42.6666666666667,43.1349334960325,2.75140698900978,2.83706084775754,2.9323417612494,2.66328359225244,3.09649196201039,31250.261585225,536.466759660803,540.948376619468,548.151085898654,0.25113435,0.248431126666667,0.245239894437254,0.23978134,0.25437769,0.25462019,0.250462546666667,0.247288616469065,0.24131276,0.25545469,0.25506164,0.253783036666667,0.250581256006335,0.24364529,0.26264218,0.0175794045,0.0173901788666667,0.0167846938,0.0178064383,0.0178234133,0.0175323782666667,0.0168918932,0.0178818283,0.0178543148,0.0177648125666667,0.0170551703,0.0183849526,0.0483680964039301,0.0492551202670937,0.0502545546781511,0.0474235949608455,0.0519736694365056,0.0492001873608929,0.0496582010258849,0.0506698749393191,0.047468804199824,0.0523056115169379,0.0505844870762536,0.0503155961595573,0.0513355458478892,0.0475511036577499,0.0528111977446683,3
"22","Burkina Faso","Africa","Western Africa",13,12.5870662941309,1.88177437747303,1.94366710034498,1.8828582249447,1.88132461412804,2.06790230943386,11.6255747418393,0.228491837828119,0.232245887088723,0.236545662882809,0.20129584,0.20051669,0.196542401474397,0.18982316,0.21043107,0.20495298,0.20406653,0.199771531512237,0.19244912,0.21479749,0.20913828,0.20813662,0.20347008052127,0.19546138,0.2198102,0.020129584,0.020051669,0.018982316,0.021043107,0.020495298,0.020406653,0.019244912,0.021479749,0.020913828,0.020813662,0.019546138,0.02198102,0.0378793354003911,0.0390354410957705,0.0370080421090536,0.0357118983239566,0.0435150895629638,0.0385675266350742,0.039730491946854,0.0376161976385377,0.0362059266423281,0.0444180225631596,0.039355105665278,0.0405274460725111,0.0383127621837804,0.0367726305305435,0.0454546020217118,3
"23","Burma","Asia","South-Eastern Asia",20.6530612244898,21.6056867375566,1.13999998396558,1.32349445019291,1.96836638099436,0.639999980722587,3.5985500887098,4958.35939343357,72.2763959001937,74.6752381177916,77.9667669085623,0.18245105,0.179037628367347,0.183789175874965,0.13332561,0.26369536,0.18876485,0.185028007959184,0.19014481007995,0.13487551,0.32916793,0.19532035,0.194374786122449,0.19898106729864,0.13518587,0.49572217,0.0156667896,0.0155939595918367,0.0119993049,0.0184586752,0.016149177,0.0160914334673469,0.0121387959,0.0230417551,0.0167103225,0.0168449465367347,0.0121667283,0.0347005519,0.0173981917690437,0.0207908366740193,0.0282545135018753,0.00793832982501901,0.0664244672784254,0.0176953244456269,0.0216684497566612,0.0294235811433336,0.00786727101101499,0.0829169098591345,0.0189220058931073,0.0232019082461421,0.0311344959644235,0.007786705893278,0.124871674118024,49
"24","Burundi","Africa","East Africa",NA,NA,NA,NA,NA,NA,NA,NA,NA,NA,NA,NA,NA,NA,NA,NA,NA,NA,NA,NA,NA,NA,NA,NA,NA,NA,NA,NA,NA,NA,NA,NA,NA,NA,NA,NA,NA,NA,NA,NA,NA,NA,NA,NA,NA,NA,NA,NA,NA,NA,NA,NA,NA,NA
"25","Cambodia","Asia","South-Eastern Asia",14,14,0.63999997704925,0.63999997704925,0.639999975894154,0.639999970637754,0.639999983460746,1.13336471157463,0.0157807042927114,0.0158734386249463,0.0159787242984684,0.15467227,0.15467227,0.154708503818065,0.15447115,0.15487339,0.15558866,0.15558866,0.155617638767083,0.15542781,0.15574951,0.15662927,0.15662927,0.156649822674845,0.15651519,0.15674335,0.0139205043,0.0139205043,0.0139024035,0.0139386051,0.0140029794,0.0140029794,0.0139885029,0.0140174559,0.0140966343,0.0140966343,0.0140863671,0.0141069015,0.00890912243239793,0.00890912243239793,0.0089112094841641,0.00889753801006462,0.00892070685473125,0.00896190649452831,0.00896190649452831,0.00896357565527764,0.0089526416246406,0.00897117136441601,0.00902184562840584,0.00902184562840584,0.00902302944615149,0.009015274711022,0.00902841654578969,2
"26","Cameroon","Africa","Middle Africa",7.35294117647059,8.75703534333764,1.51298702899676,1.4058681580738,1.49124187217832,0.806322417946415,1.81748535210363,15.6310650441645,0.280349490927608,0.28022062256827,0.280071177438457,0.17140127,0.171382745882353,0.179354055616491,0.14298092,0.19096411,0.16642956,0.169886871176471,0.179271611868113,0.14178739,0.19325317,0.16209282,0.168155162941176,0.179176004096416,0.14046217,0.19592382,0.017140127,0.0171382745882353,0.014298092,0.019096411,0.016642956,0.0169886871176471,0.014178739,0.019325317,0.016209282,0.0168155162941176,0.014046217,0.019592382,0.0251262589932349,0.0241098371283846,0.0267614566564972,0.0138405361815279,0.0347074472702506,0.0246466936738078,0.0239085013317344,0.0267472866797739,0.0136032661240815,0.0351234805722592,0.0238989210069692,0.0236754262174411,0.0267308647112212,0.013327430470066,0.0356088672978188,17
"27","Canada","Americas","Northern America",NA,NA,NA,NA,NA,NA,NA,NA,NA,NA,NA,NA,NA,NA,NA,NA,NA,NA,NA,NA,NA,NA,NA,NA,NA,NA,NA,NA,NA,NA,NA,NA,NA,NA,NA,NA,NA,NA,NA,NA,NA,NA,NA,NA,NA,NA,NA,NA,NA,NA,NA,NA,NA,NA
"28","Central African Republic","Africa","Middle Africa",8,8,1.50908083097006,1.50908083097006,1.22562024129408,1.20067634087746,1.81748532106267,7.82628179590317,0.143511764984573,0.138518438640069,0.132649863077658,0.18146595,0.18146595,0.18337157890187,0.17939263,0.18353927,0.17771908,0.17771908,0.176991376304108,0.17692734,0.17851082,0.173329715,0.173329715,0.169492827548193,0.16915519,0.17750424,0.018146595,0.018146595,0.017939263,0.018353927,0.017771908,0.017771908,0.017692734,0.017851082,0.0173329715,0.0173329715,0.016915519,0.017750424,0.0273207365421374,0.0273207365421374,0.0224644668275015,0.022037125911092,0.0326043471731828,0.0268436633096621,0.0268436633096621,0.0216962114185051,0.0212432471192382,0.0324440795000861,0.0262855992598008,0.0262855992598008,0.0207933676071626,0.0203100634569631,0.0322611350626386,2
"29","Chad","Africa","Middle Africa",10.5,12.2886798818423,1.79729121074134,1.7045867528792,1.38712178646891,1.20067629649677,1.81748537452655,32.3502029252073,0.628808682851474,0.61641063652126,0.601730815069502,0.18735054,0.188211994166667,0.194375498758157,0.17618755,0.21202811,0.18771347,0.18636755,0.190543050980665,0.17109636,0.20887002,0.18804529,0.184189855,0.186005267559121,0.16474998,0.20510602,0.018735054,0.0188211994166667,0.017618755,0.021202811,0.018771347,0.018636755,0.017109636,0.020887002,0.018804529,0.0184189855,0.016474998,0.020510602,0.0334320686879529,0.0319740855652924,0.0267773239130159,0.0223888891451944,0.0351184084039089,0.0333662359358114,0.0316876608352758,0.0262768725498018,0.0216827137602608,0.035402212380112,0.0332900802303577,0.0313496937186901,0.0256845304246019,0.0208481296433541,0.0357322858989798,12
"30","Chile","Americas","South America",-36.25,-35.9571358130782,3.68021737051478,3.84079227513477,4.03036187366462,3.34980192277684,4.44572506202572,19417.6056737847,270.511508502895,277.783449603977,287.018662944113,0.163891195,0.158630925,0.154791660635474,0.13032774,0.18318892,0.168147435,0.1643875625,0.158952799085034,0.13542911,0.1878722,0.173511315,0.17206231625,0.164237358019898,0.14176284,0.20225136,0.01475020755,0.01427678325,0.0117294966,0.0164870028,0.01513326915,0.014794880625,0.0121886199,0.016908498,0.01561601835,0.0154856084625,0.0127586556,0.0182026224,0.0560311575218796,0.0551285095870292,0.0566127152329604,0.0392914912243226,0.0732966805131829,0.058075704915987,0.0570130694102985,0.0580790971017704,0.0408294633750483,0.0751705322609511,0.0610807635105234,0.0595200690830478,0.0599398226523513,0.0427389690609275,0.077736139263199,8
"31","China","Asia","Eastern Asia",35.1572769953052,34.1664178646734,2.66319083417059,2.85667554723816,4.07569333656728,0.603000281077891,5.86466381742656,2022496.31464306,32590.3099315398,38684.6221511671,62788.5396662008,0.238787025,0.245711070140845,0.230116134834453,0.17566513,0.68655534,0.274620275,0.380661327655936,0.273127087318221,0.18844866,14.2857142857143,0.34220683,1.17439514916499,0.441481601842578,0.19904328,14.2857142857143,0.01671509175,0.0172586353496479,0.0122965591,0.0480588738,0.01922341925,0.0267238431144366,0.0131914062,1,0.0239544781,0.0830255043674296,0.0139330296,1,0.047325919522741,0.0503719422437895,0.0654757128005012,0.00918361830056946,0.249597749990184,0.0576273155490673,0.0908790319043362,0.0775664745602455,0.00991007157913576,5.31029274498933,0.0800798553023188,0.305455872922829,0.12349265312348,0.010777746853416,5.34919593733702,426
"32","Colombia","Americas","South America",6.05,3.81957393482908,1.72447872091097,1.83438736369263,2.19447401056632,0.370000008952353,3.1861800264372,884.981581252355,12.2885190976736,9.80260604975805,6.58794609693207,0.14509352,0.14315957,0.138856213033087,0.11360876,0.15999079,0.123386505,0.11927288795,0.11076621544921,0.064706939,0.14545625,0.090122674,0.0889170317,0.0744416181815822,-0.005612442,0.12863542,0.014509352,0.014315957,0.011360876,0.015999079,0.0123386505,0.011927288795,0.0064706939,0.014545625,0.0090122674,0.00889170317,-0.0005612442,0.012863542,0.0258077948458859,0.0257185533735538,0.0299611273002538,0.00515289799467719,0.0420250952236038,0.0214943271173661,0.0210278194758559,0.0235602926282628,0.00456478261044742,0.0327814264645308,0.0154469530782558,0.0149919550462634,0.0152181611403586,-0.00178822505999372,0.0243296115510308,20
"33","Congo","Africa","Middle Africa",NA,NA,NA,NA,NA,NA,NA,NA,NA,NA,NA,NA,NA,NA,NA,NA,NA,NA,NA,NA,NA,NA,NA,NA,NA,NA,NA,NA,NA,NA,NA,NA,NA,NA,NA,NA,NA,NA,NA,NA,NA,NA,NA,NA,NA,NA,NA,NA,NA,NA,NA,NA,NA,NA
"34","Costa Rica","Americas","Central America",NA,NA,NA,NA,NA,NA,NA,NA,NA,NA,NA,NA,NA,NA,NA,NA,NA,NA,NA,NA,NA,NA,NA,NA,NA,NA,NA,NA,NA,NA,NA,NA,NA,NA,NA,NA,NA,NA,NA,NA,NA,NA,NA,NA,NA,NA,NA,NA,NA,NA,NA,NA,NA,NA
"35","Croatia","Europe","Southern Europe",NA,NA,NA,NA,NA,NA,NA,NA,NA,NA,NA,NA,NA,NA,NA,NA,NA,NA,NA,NA,NA,NA,NA,NA,NA,NA,NA,NA,NA,NA,NA,NA,NA,NA,NA,NA,NA,NA,NA,NA,NA,NA,NA,NA,NA,NA,NA,NA,NA,NA,NA,NA,NA,NA
"36","Cuba","Americas","Caribbean",NA,NA,NA,NA,NA,NA,NA,NA,NA,NA,NA,NA,NA,NA,NA,NA,NA,NA,NA,NA,NA,NA,NA,NA,NA,NA,NA,NA,NA,NA,NA,NA,NA,NA,NA,NA,NA,NA,NA,NA,NA,NA,NA,NA,NA,NA,NA,NA,NA,NA,NA,NA,NA,NA
"37","Czech Republic","Europe","Eastern Europe",NA,NA,NA,NA,NA,NA,NA,NA,NA,NA,NA,NA,NA,NA,NA,NA,NA,NA,NA,NA,NA,NA,NA,NA,NA,NA,NA,NA,NA,NA,NA,NA,NA,NA,NA,NA,NA,NA,NA,NA,NA,NA,NA,NA,NA,NA,NA,NA,NA,NA,NA,NA,NA,NA
"38","Democratic Republic of the Congo","Africa","Middle Africa",-7.09302325581395,-3.91671295366393,1.27545546339348,1.27456146059991,1.06301914718007,0.908472544382689,1.65354090055307,728.72575077969,11.4782051417495,9.46540921196322,6.83818330454154,0.17898789,0.176137435813953,0.157510629059953,0.14148989,0.19347895,0.17028248,0.166723316511628,0.129889868744666,0.10076934,0.19359403,0.16034849,0.155400200651163,0.0938375417257471,0.046671998,0.1937381,0.017898789,0.0176137435813953,0.014148989,0.019347895,0.017028248,0.0166723316511628,0.010076934,0.019359403,0.016034849,0.0155400200651163,0.0046671998,0.01937381,0.0228513470596369,0.022488542762446,0.0169904838995634,0.0128539680372727,0.0312465820833442,0.021786219696166,0.0213300453947423,0.0142929368151495,0.00915461787055643,0.0306943308398366,0.0204920461634162,0.0199422826644288,0.0107855440248196,0.00424002287744838,0.0300361388843715,43
"39","Denmark","Europe","Northern Europe",NA,NA,NA,NA,NA,NA,NA,NA,NA,NA,NA,NA,NA,NA,NA,NA,NA,NA,NA,NA,NA,NA,NA,NA,NA,NA,NA,NA,NA,NA,NA,NA,NA,NA,NA,NA,NA,NA,NA,NA,NA,NA,NA,NA,NA,NA,NA,NA,NA,NA,NA,NA,NA,NA
"40","Dominican Republic","Americas","Caribbean",NA,NA,NA,NA,NA,NA,NA,NA,NA,NA,NA,NA,NA,NA,NA,NA,NA,NA,NA,NA,NA,NA,NA,NA,NA,NA,NA,NA,NA,NA,NA,NA,NA,NA,NA,NA,NA,NA,NA,NA,NA,NA,NA,NA,NA,NA,NA,NA,NA,NA,NA,NA,NA,NA
"41","Ecuador","Americas","South America",-1.53846153846154,-0.561999540589463,0.714602209742743,0.876987033898543,1.46054388872557,0.375624268523186,3.18617989740155,575.798214597199,8.91692384559378,8.56987540160025,8.52292954976609,0.14434657,0.165378846153846,0.15486195718463,0.1259336,0.25708805,0.12922727,0.162421188230769,0.14883469910714,0.088257087,0.32989824,0.11384388,0.168158358615385,0.148019381333587,0.037487201,0.50658323,0.014434657,0.0165378846153846,0.01259336,0.025708805,0.012922727,0.0162421188230769,0.0088257087,0.032989824,0.011384388,0.0168158358615385,0.0037487201,0.050658323,0.0101639760062583,0.0136381400941745,0.0215905589054621,0.00511381227217603,0.0454409599616718,0.00984698364255307,0.0129291822933066,0.0203701185477237,0.00440559750507728,0.0423234103792603,0.00813530949107355,0.0126247171845376,0.0193756057042388,0.00354286729112621,0.0387546945371968,13
"42","Egypt","Africa","Northern Africa",30,30,6.06403019400373,6.06403019400373,6.06403019400373,6.06403019400373,6.06403019400373,68919.7178599213,1463.85367706136,1622.61684966065,1840.93412249637,0.19309076,0.19309076,0.19309076,0.19309076,0.19309076,0.21403254,0.21403254,0.21403254,0.21403254,0.21403254,0.24282985,0.24282985,0.24282985,0.24282985,0.24282985,0.0212399836,0.0212399836,0.0212399836,0.0212399836,0.0235435794,0.0235435794,0.0235435794,0.0235435794,0.0267112835,0.0267112835,0.0267112835,0.0267112835,0.128799901870544,0.128799901870544,0.128799901870544,0.128799901870544,0.128799901870544,0.142768976356524,0.142768976356524,0.142768976356524,0.142768976356524,0.142768976356524,0.161978029664594,0.161978029664594,0.161978029664594,0.161978029664594,0.161978029664594,1
"43","El Salvador","Americas","Central America",14,14,0.890317030185304,0.890317030185304,0.890317030185304,0.890317030185304,0.890317030185304,6.37080525464617,0.0747275573086796,0.07262555980719,0.0701642641792711,0.16756697,0.16756697,0.16756697,0.16756697,0.16756697,0.16285351,0.16285351,0.16285351,0.16285351,0.16285351,0.15733437,0.15733437,0.15733437,0.15733437,0.15733437,0.0117296879,0.0117296879,0.0117296879,0.0117296879,0.0113997457,0.0113997457,0.0113997457,0.0113997457,0.0110134059,0.0110134059,0.0110134059,0.0110134059,0.0104431408961285,0.0104431408961285,0.0104431408961285,0.0104431408961285,0.0104431408961285,0.0101493877364917,0.0101493877364917,0.0101493877364917,0.0101493877364917,0.0101493877364917,0.0098054228331133,0.0098054228331133,0.0098054228331133,0.0098054228331133,0.0098054228331133,1
"44","Equatorial Guinea","Africa","Middle Africa",NA,NA,NA,NA,NA,NA,NA,NA,NA,NA,NA,NA,NA,NA,NA,NA,NA,NA,NA,NA,NA,NA,NA,NA,NA,NA,NA,NA,NA,NA,NA,NA,NA,NA,NA,NA,NA,NA,NA,NA,NA,NA,NA,NA,NA,NA,NA,NA,NA,NA,NA,NA,NA,NA
"45","Eritrea","Africa","East Africa",NA,NA,NA,NA,NA,NA,NA,NA,NA,NA,NA,NA,NA,NA,NA,NA,NA,NA,NA,NA,NA,NA,NA,NA,NA,NA,NA,NA,NA,NA,NA,NA,NA,NA,NA,NA,NA,NA,NA,NA,NA,NA,NA,NA,NA,NA,NA,NA,NA,NA,NA,NA,NA,NA
"46","Estonia","Europe","Northern Europe",NA,NA,NA,NA,NA,NA,NA,NA,NA,NA,NA,NA,NA,NA,NA,NA,NA,NA,NA,NA,NA,NA,NA,NA,NA,NA,NA,NA,NA,NA,NA,NA,NA,NA,NA,NA,NA,NA,NA,NA,NA,NA,NA,NA,NA,NA,NA,NA,NA,NA,NA,NA,NA,NA
"47","Ethiopia","Africa","East Africa",8.6875,7.74808703851433,1.20489561096264,1.22178439519458,1.36826515504337,0.577134841105003,1.72127937141241,23826.5708177095,441.830104381307,416.453872373775,385.098752831094,0.185322735,0.18584875375,0.185435876510147,0.16302536,0.20432735,0.176709625,0.174913529375,0.174785484474433,0.13827209,0.19819449,0.16435761,0.16162970625,0.161625756294255,0.10769366,0.1915259,0.0185322735,0.018584875375,0.016302536,0.020432735,0.0176709625,0.0174913529375,0.013827209,0.019819449,0.016435761,0.016162970625,0.010769366,0.01915259,0.0222864501173231,0.0227024273722402,0.025364936559551,0.00940876152396859,0.0334449315371798,0.0213698085902106,0.0214009943039499,0.0238977139072143,0.00798016406914067,0.0317197207637445,0.0203176043473026,0.0198193558031773,0.0220875173953488,0.00621537633521162,0.0295611314340285,32
"48","Fiji","Oceania","Melanesia",NA,NA,NA,NA,NA,NA,NA,NA,NA,NA,NA,NA,NA,NA,NA,NA,NA,NA,NA,NA,NA,NA,NA,NA,NA,NA,NA,NA,NA,NA,NA,NA,NA,NA,NA,NA,NA,NA,NA,NA,NA,NA,NA,NA,NA,NA,NA,NA,NA,NA,NA,NA,NA,NA
"49","Finland","Europe","Northern Europe",NA,NA,NA,NA,NA,NA,NA,NA,NA,NA,NA,NA,NA,NA,NA,NA,NA,NA,NA,NA,NA,NA,NA,NA,NA,NA,NA,NA,NA,NA,NA,NA,NA,NA,NA,NA,NA,NA,NA,NA,NA,NA,NA,NA,NA,NA,NA,NA,NA,NA,NA,NA,NA,NA
"50","France","Europe","Western Europe",43.5,43.5507260861885,3.40595736959116,3.61335881626217,3.85313513879746,3.39108418468567,4.25043634118067,18505.1268349628,233.970049230819,253.056422185738,290.930517144473,0.22915883,0.2325539575,0.229033384755568,0.2126952,0.25920297,0.246466215,0.2572101775,0.247480907325079,0.22590618,0.3100021,0.278370445,0.32889671,0.284359437932105,0.25002497,0.50882098,0.01224838175,0.012196661275,0.01063476,0.0136551216,0.0135653378,0.0134815224,0.011295309,0.015500105,0.0153541296,0.017162639175,0.0125012485,0.025441049,0.0417068798844776,0.044379337826191,0.0491591766064356,0.0360633664439278,0.0580402250918812,0.0471932180813821,0.0490099156985987,0.0532272503176794,0.0383033437110377,0.0633498829205931,0.0596698043224301,0.062001283728464,0.0612282139667468,0.0423927860771755,0.0862727401918204,4
"51","French Guiana","Americas","South America",NA,NA,NA,NA,NA,NA,NA,NA,NA,NA,NA,NA,NA,NA,NA,NA,NA,NA,NA,NA,NA,NA,NA,NA,NA,NA,NA,NA,NA,NA,NA,NA,NA,NA,NA,NA,NA,NA,NA,NA,NA,NA,NA,NA,NA,NA,NA,NA,NA,NA,NA,NA,NA,NA
"52","Gabon","Africa","Middle Africa",NA,NA,NA,NA,NA,NA,NA,NA,NA,NA,NA,NA,NA,NA,NA,NA,NA,NA,NA,NA,NA,NA,NA,NA,NA,NA,NA,NA,NA,NA,NA,NA,NA,NA,NA,NA,NA,NA,NA,NA,NA,NA,NA,NA,NA,NA,NA,NA,NA,NA,NA,NA,NA,NA
"53","Gambia","Africa","Western Africa",NA,NA,NA,NA,NA,NA,NA,NA,NA,NA,NA,NA,NA,NA,NA,NA,NA,NA,NA,NA,NA,NA,NA,NA,NA,NA,NA,NA,NA,NA,NA,NA,NA,NA,NA,NA,NA,NA,NA,NA,NA,NA,NA,NA,NA,NA,NA,NA,NA,NA,NA,NA,NA,NA
"54","Georgia","Asia","Western Asia",42,42,1.76022843329093,1.76022843329093,1.76022843329093,1.76022843329093,1.76022843329093,1559.70256650073,43.7032355628588,46.7136128073541,54.2300908635677,0.28020237,0.28020237,0.28020237,0.28020237,0.28020237,0.29950334,0.29950334,0.29950334,0.29950334,0.29950334,0.34769508,0.34769508,0.34769508,0.34769508,0.34769508,0.028020237,0.028020237,0.028020237,0.028020237,0.029950334,0.029950334,0.029950334,0.029950334,0.034769508,0.034769508,0.034769508,0.034769508,0.0493220178749506,0.0493220178749506,0.0493220178749506,0.0493220178749506,0.0493220178749506,0.0527194294933601,0.0527194294933601,0.0527194294933601,0.0527194294933601,0.0527194294933601,0.0612022765931365,0.0612022765931365,0.0612022765931365,0.0612022765931365,0.0612022765931365,1
"55","Germany","Europe","Western Europe",NA,NA,NA,NA,NA,NA,NA,NA,NA,NA,NA,NA,NA,NA,NA,NA,NA,NA,NA,NA,NA,NA,NA,NA,NA,NA,NA,NA,NA,NA,NA,NA,NA,NA,NA,NA,NA,NA,NA,NA,NA,NA,NA,NA,NA,NA,NA,NA,NA,NA,NA,NA,NA,NA
"56","Ghana","Africa","Western Africa",NA,NA,NA,NA,NA,NA,NA,NA,NA,NA,NA,NA,NA,NA,NA,NA,NA,NA,NA,NA,NA,NA,NA,NA,NA,NA,NA,NA,NA,NA,NA,NA,NA,NA,NA,NA,NA,NA,NA,NA,NA,NA,NA,NA,NA,NA,NA,NA,NA,NA,NA,NA,NA,NA
"57","Greece","Europe","Southern Europe",39.8888888888889,40.1265578555571,2.28009275173588,2.38211062488108,2.42834660340515,2.03649307744642,2.99140380041668,47830.9906126351,696.249728984958,784.434413346517,966.053894161955,0.24029244,0.24269999,0.23887677739797,0.2299857,0.25482877,0.27204167,0.276011822222222,0.269142699365793,0.25122282,0.30269358,0.33750281,0.349465128888889,0.331419498101312,0.2926996,0.42543712,0.0144175464,0.0153921198666667,0.013799142,0.0176998409,0.0171920262,0.0174987013777778,0.0150733692,0.020045305,0.0229706596,0.0221499881,0.017561976,0.0259011564,0.0370343279736555,0.036520766705104,0.0353495393137465,0.0281018571577001,0.0457377449101242,0.0421472521957137,0.0415933162133096,0.0399103326819832,0.0306968120295941,0.0543287233540085,0.0535118686986501,0.0528373305925158,0.0493610496669559,0.0357648425502801,0.0763592528028051,9
"58","Guatemala","Americas","Central America",14.5,14.2167560809945,1.80809464087089,1.78135926206467,1.97506039816149,1.13529058341279,2.35582370289518,329.432163975864,3.69722692431327,3.40202099753526,3.03887728000757,0.16057177,0.158936063333333,0.157193738815994,0.13734296,0.17026393,0.14633438,0.145604348333333,0.144626266794505,0.12322603,0.16220198,0.133246485,0.129028763333333,0.12915707558943,0.10260272,0.15278752,0.01159593015,0.0116450655333333,0.0096140072,0.0140276097,0.0106020411,0.0106730640166667,0.0086258221,0.0129805101,0.0098512351,0.0094666374,0.0071821904,0.0117348471,0.0205523539888667,0.0204525429584109,0.0220630936230232,0.0159254132001999,0.0267659428379974,0.018135125608025,0.0187650894409517,0.0203745968535539,0.0147366508844246,0.025474043043191,0.0152058406124374,0.0166679991552514,0.0183031390319392,0.0130283795789608,0.0239706607189933,6
"59","Guinea","Africa","Western Africa",NA,NA,NA,NA,NA,NA,NA,NA,NA,NA,NA,NA,NA,NA,NA,NA,NA,NA,NA,NA,NA,NA,NA,NA,NA,NA,NA,NA,NA,NA,NA,NA,NA,NA,NA,NA,NA,NA,NA,NA,NA,NA,NA,NA,NA,NA,NA,NA,NA,NA,NA,NA,NA,NA
"60","Guinea-Bissau","Africa","Western Africa",NA,NA,NA,NA,NA,NA,NA,NA,NA,NA,NA,NA,NA,NA,NA,NA,NA,NA,NA,NA,NA,NA,NA,NA,NA,NA,NA,NA,NA,NA,NA,NA,NA,NA,NA,NA,NA,NA,NA,NA,NA,NA,NA,NA,NA,NA,NA,NA,NA,NA,NA,NA,NA,NA
"61","Guyana","Americas","South America",NA,NA,NA,NA,NA,NA,NA,NA,NA,NA,NA,NA,NA,NA,NA,NA,NA,NA,NA,NA,NA,NA,NA,NA,NA,NA,NA,NA,NA,NA,NA,NA,NA,NA,NA,NA,NA,NA,NA,NA,NA,NA,NA,NA,NA,NA,NA,NA,NA,NA,NA,NA,NA,NA
"62","Haiti","Americas","Caribbean",NA,NA,NA,NA,NA,NA,NA,NA,NA,NA,NA,NA,NA,NA,NA,NA,NA,NA,NA,NA,NA,NA,NA,NA,NA,NA,NA,NA,NA,NA,NA,NA,NA,NA,NA,NA,NA,NA,NA,NA,NA,NA,NA,NA,NA,NA,NA,NA,NA,NA,NA,NA,NA,NA
"63","Honduras","Americas","Central America",14.6,14.3267114908192,0.51999998721628,0.591132549035211,0.574526818906428,0.519999977389607,0.756484312445074,8.79027769337899,0.0937238769523273,0.0913183589675537,0.0885585466048189,0.15180341,0.149791676,0.152317432349024,0.13826021,0.15898148,0.14858818,0.146811882,0.148408051571952,0.13746415,0.15363582,0.14306577,0.143397848,0.143922881447474,0.13658069,0.14743702,0.0106262387,0.01048541732,0.0096782147,0.0111287036,0.0104011726,0.01027683174,0.0096224905,0.0107545074,0.0100146039,0.01003784936,0.0095606483,0.0103205914,0.00558363937873138,0.00622026505640844,0.00613081815230295,0.00503267151659976,0.00803858287684674,0.00540860961903433,0.00609531036924925,0.00597678467484691,0.00500369493333329,0.00791749001220385,0.00520759389997611,0.00595214085991302,0.00580011126802741,0.00497153699014736,0.00778064230267627,5
"64","Hungary","Europe","Eastern Europe",47.5,47.6634611451122,4.25277908989041,4.25277908989041,4.43530978376959,3.6944485650617,4.81110961471912,28344.6192413907,649.431701445125,674.696238189993,714.30835751966,0.25476185,0.25476185,0.254822402546595,0.25457663,0.25494707,0.26364221,0.26364221,0.264412988145216,0.26128453,0.26599989,0.27752727,0.27752727,0.279437986940554,0.27168271,0.28337183,0.02165753555,0.02165753555,0.0178203641,0.025494707,0.02244495305,0.02244495305,0.0182899171,0.026599989,0.02367748635,0.02367748635,0.0190177897,0.028337183,0.0942471242751345,0.0942471242751345,0.103535217248492,0.065836418578122,0.122657829972147,0.0977733104072577,0.0977733104072577,0.107647067246785,0.0675711579851924,0.127975462829323,0.103296769726583,0.103296769726583,0.114097145767545,0.0702602458678102,0.136333293585355,2
"65","India","Asia","Southern Asia",23.0047846889952,26.9666673340802,1.5045321254369,1.75964546453427,3.35451276333248,0.310936632709657,6.85063590850998,1845521.04140174,26039.511769741,27842.5539237919,29906.2072969692,0.18980195,0.193860682296651,0.201564275714175,0.13910829,0.53045962,0.20156213,0.272932682563226,0.215521025328635,0.14002869,14.2857142857143,0.21614509,0.355925928332194,0.231494853485097,0.14106229,14.2857142857143,0.0132901594,0.0135941531023923,0.0097375803,0.0371321734,0.0141491266,0.0191321436466507,0.0098020083,1,0.0151339447,0.0249491515772727,0.0098743603,1,0.0210336244638932,0.025012966442572,0.0471711605726851,0.00364151907589682,0.192849029636172,0.022447266053344,0.0508891570554499,0.050485975733932,0.00384113933691187,5.19358313769407,0.0243711513938128,0.0758405300315651,0.0541261187560948,0.00407483881255784,5.19358313769407,209
"66","Indonesia","Asia","South-Eastern Asia",NA,NA,NA,NA,NA,NA,NA,NA,NA,NA,NA,NA,NA,NA,NA,NA,NA,NA,NA,NA,NA,NA,NA,NA,NA,NA,NA,NA,NA,NA,NA,NA,NA,NA,NA,NA,NA,NA,NA,NA,NA,NA,NA,NA,NA,NA,NA,NA,NA,NA,NA,NA,NA,NA
"67","Iran (Islamic Republic of)","Asia","Southern Asia",34.7391304347826,34.887191001737,1.8308557170082,2.03948362421574,2.12616387988059,1.10974073398283,3.38084152735422,154987.627305284,3770.81373574718,4398.11764983806,6096.38954846048,0.26865498,0.26893964826087,0.26498030734865,0.20473969,0.34180852,0.30917332,0.317268976956522,0.309632891221697,0.20043165,0.47073821,0.36319358,0.45676583,0.430807651101412,0.19437426,0.92164986,0.0244888308,0.0246527974847826,0.0184265721,0.0307627668,0.0278255988,0.029030242523913,0.0180388485,0.0423664389,0.03431673695,0.041636627826087,0.0174936834,0.0829484874,0.0475237056874827,0.0492932325244508,0.0507301748275383,0.0280065467678837,0.0900769769019957,0.0518111899421183,0.0572255614022813,0.0584094687175722,0.0341560746560719,0.111042649306472,0.0644977062064327,0.0783110932546788,0.0778859278506962,0.0401226082729132,0.155456029118293,23
"68","Iraq","Asia","Western Asia",33.6363636363636,34.3515617483661,1.3886145626912,1.45263819708502,1.5684044841369,1.18665014983872,2.02246474234678,4131.5122234818,109.44504838736,135.62715273747,285.767265619118,0.2490623,0.276491910909091,0.294336801493974,0.23302698,0.37968353,0.27824866,0.335377953636364,0.364749825786471,0.24871411,0.58841245,0.32085845,1.10686837909091,0.768530181797827,0.26988152,7.8237568,0.022415607,0.0248842719818182,0.0209724282,0.0341715177,0.0250423794,0.0301840158272727,0.0223842699,0.0529571205,0.0288772605,0.0996181541181818,0.0242893368,0.704138112,0.0338827591038569,0.0361690597250631,0.041688199401908,0.0252878652295173,0.0494752093270801,0.0375481895988494,0.0438490721632245,0.0517214189552986,0.027552012939142,0.0735370287244928,0.0428931352706228,0.141137452092872,0.106022662227678,0.0307338802751475,0.977776436469089,11
"69","Ireland","Europe","Northern Europe",NA,NA,NA,NA,NA,NA,NA,NA,NA,NA,NA,NA,NA,NA,NA,NA,NA,NA,NA,NA,NA,NA,NA,NA,NA,NA,NA,NA,NA,NA,NA,NA,NA,NA,NA,NA,NA,NA,NA,NA,NA,NA,NA,NA,NA,NA,NA,NA,NA,NA,NA,NA,NA,NA
"70","Israel","Asia","Western Asia",NA,NA,NA,NA,NA,NA,NA,NA,NA,NA,NA,NA,NA,NA,NA,NA,NA,NA,NA,NA,NA,NA,NA,NA,NA,NA,NA,NA,NA,NA,NA,NA,NA,NA,NA,NA,NA,NA,NA,NA,NA,NA,NA,NA,NA,NA,NA,NA,NA,NA,NA,NA,NA,NA
"71","Italy","Europe","Southern Europe",43.625,44.044235900363,4.64264395013208,4.10677882731745,4.38031950987019,1.95191718697576,5.50002804744079,66203.2425753491,905.042835801995,989.906727197802,1148.25216910641,0.227306195,0.22504478625,0.227844538674956,0.20373208,0.24125839,0.248824305,0.24758001625,0.249209023780354,0.23036223,0.27377856,0.28774473,0.28969835875,0.289072489613966,0.26443432,0.33920389,0.0136383717,0.013502687175,0.0122239248,0.0144755034,0.0149294583,0.014854800975,0.0138217338,0.0164267136,0.0172646838,0.017381901525,0.0158660592,0.0203522334,0.062488689519819,0.0558980936002251,0.0601483877422073,0.0238600889094193,0.0759921011223795,0.0683118458915273,0.0612541504704058,0.0656695613248851,0.0269788797580238,0.0825690247614587,0.079346352483126,0.071248700093528,0.0759501214189888,0.0326322635719074,0.0945067828381597,8
"72","Jamaica","Americas","Caribbean",NA,NA,NA,NA,NA,NA,NA,NA,NA,NA,NA,NA,NA,NA,NA,NA,NA,NA,NA,NA,NA,NA,NA,NA,NA,NA,NA,NA,NA,NA,NA,NA,NA,NA,NA,NA,NA,NA,NA,NA,NA,NA,NA,NA,NA,NA,NA,NA,NA,NA,NA,NA,NA,NA
"73","Japan","Asia","Eastern Asia",37.5625,38.8689666719463,3.05835187150351,3.09522885195213,3.94054942210457,1.24909746628848,4.32687378880071,9928.11672264568,457.607167222025,5472.75067964944,8753.80423027304,0.427247585,0.56060922375,0.658457734599122,0.29573561,1.2258118,1.103438135,5.35403575428572,7.87482205845646,0.46653465,14.2857142857143,14.2857142857143,11.2481439526786,12.595978637269,1.0684129,14.2857142857143,0.02990733095,0.0392426456625,0.0207014927,0.085806826,0.07724066945,0.3747825028,0.0326574255,1,1,0.7873700766875,0.074788903,1,0.0822947789743799,0.129482816741961,0.184468175322115,0.0492553747492327,0.345551867717918,0.210722159402248,1.27429416294242,2.23345143349379,0.0871323710930852,4.0270907069229,2.64656477841406,2.52167672171571,3.57763935148971,0.199542197526892,4.32687378880071,16
"74","Jordan","Asia","Western Asia",NA,NA,NA,NA,NA,NA,NA,NA,NA,NA,NA,NA,NA,NA,NA,NA,NA,NA,NA,NA,NA,NA,NA,NA,NA,NA,NA,NA,NA,NA,NA,NA,NA,NA,NA,NA,NA,NA,NA,NA,NA,NA,NA,NA,NA,NA,NA,NA,NA,NA,NA,NA,NA,NA
"75","Kazakhstan","Asia","Central Asia",44.4,44.0654197053091,0.970000013132463,1.7135682182004,4.31007627509993,0.97000001006886,4.687841031871,548.193603130916,11.0387908321076,12.2260736103195,18.3124887819775,0.25723596,0.26439622,0.276430372817776,0.2449124,0.28454014,0.26501231,0.278891354,0.30699424229312,0.24818,0.31155502,0.28026371,0.335982318,0.464534426322148,0.25347048,0.48413548,0.0256781,0.0247685524,0.019495812,0.028454014,0.026202571,0.02601980528,0.0218088514,0.030768373,0.028026371,0.03069341892,0.025347048,0.039047973,0.0249518884286012,0.0385219620923411,0.0846500639915519,0.0237565033861451,0.0913932674432431,0.0257061944180264,0.0414555799534078,0.0944766269876898,0.0240734605939654,0.102236428450897,0.0271855802380553,0.0549717592265277,0.145596454293169,0.024586637166627,0.158868511768999,5
"76","Kenya","Africa","East Africa",-0.117647058823529,0.0295639689301919,1.89999992549604,1.78211070361544,1.8267787508916,1.23000002186447,1.9000000534862,5912.55391684235,93.5156426801137,89.7998268718271,85.054749688956,0.150465325,0.153763966470588,0.158164549525252,0.131309,0.20613276,0.14266108,0.147031628235294,0.151879928935659,0.11940234,0.21764222,0.134465225,0.138362113588235,0.143854501599844,0.085712024,0.2347427,0.0150465325,0.0153763966470588,0.0131309,0.020613276,0.014266108,0.0147031628235294,0.011940234,0.021764222,0.0134465225,0.0138362113588235,0.0085712024,0.02347427,0.0277016159170084,0.0275139236230857,0.0289665242330729,0.016538484353988,0.0391652239774448,0.0257781730698596,0.0262819591578853,0.0278051160878969,0.0163165074800421,0.0413520213538514,0.0241628052377385,0.0246956422117491,0.0263231031037379,0.0160708961556761,0.0446011125187968,34
"77","Korea, Democratic People's Republic of","Asia","Eastern Asia",39.7777777777778,38.7219893844813,2.09967538429015,1.93349706833121,2.10588306100312,1.36298841524327,2.27675664278813,3305.74911402031,104.306371145881,433.35531559877,3248.96687532014,0.46141497,0.507940091111111,0.450757442556658,0.37158765,0.80047594,1.3101235,3.62013226174603,1.87273444212184,0.67619245,14.2857142857143,14.2857142857143,13.3097263539683,14.0403312240858,5.5018229,14.2857142857143,0.0322990479,0.0355558063777778,0.0260111355,0.0560333158,0.091708645,0.253409258322222,0.0473334715,1,1,0.931680844777778,0.385127603,1,0.0693424646722446,0.0673333258128365,0.0656285094369106,0.035452876353823,0.0860930481530246,0.208798255663514,0.424878993493582,0.24427914736987,0.0645149733077476,1.43351353479787,2.09967538429015,1.84037885122412,2.08247126208236,0.52492446127941,2.27675664278813,9
"78","Korea, Republic of","Asia","Eastern Asia",36.2857142857143,37.1964121293036,3.01318485206864,2.93610559093413,2.27978619573688,1.89999993515038,3.30000001400477,214.395787829657,5.91922761708893,13.4287248498611,170.540360347436,0.33631434,0.35482907,0.394412573986887,0.30089488,0.429277,0.64812393,0.730093458571429,0.894788691366492,0.50208596,1.0780073,14.2857142857143,9.24171252040817,11.3635201827842,1.6093247,14.2857142857143,0.0235420038,0.0248380349,0.0210626416,0.03004939,0.0453686751,0.0511065421,0.0351460172,0.075460511,1,0.646919876428571,0.112652729,1,0.0707439191101254,0.0722658706995738,0.0611242377252236,0.0570938390513084,0.0943393008403638,0.136704199937872,0.147426853343338,0.134906092353967,0.105901444732207,0.249019687356807,1.89999993515038,1.8722099167182,1.66342843005866,0.339443490459733,3.30000001400478,7
"79","Kyrgyzstan","Asia","Central Asia",40.9090909090909,40.4678393632148,2.34999989062326,2.4280944109984,2.59796052737827,2.34999984346187,2.89000008793814,40963.6779988921,1018.68398388367,1084.00354771637,1297.48446569669,0.26499763,0.262817406363636,0.248679814325076,0.22552746,0.30337883,0.28064419,0.291419593636364,0.264625541619014,0.22864197,0.38540844,0.33124479,0.393412476363636,0.316740226727634,0.23324536,0.81791008,0.026499763,0.0262817406363636,0.022552746,0.030337883,0.028064419,0.0291419593636364,0.022864197,0.038540844,0.033124479,0.0393412476363636,0.023324536,0.081791008,0.0647198852877232,0.0636086793258203,0.0642920078803688,0.0529989501721521,0.0712940217019156,0.0688160405139635,0.070356044828558,0.068117325084602,0.0537308599817189,0.090570979146638,0.0778425204776646,0.0943609784293551,0.0804746474807553,0.0548126565719566,0.192208859773556,11
"80","Lao People's Democratic Republic","Asia","South-Eastern Asia",NA,NA,NA,NA,NA,NA,NA,NA,NA,NA,NA,NA,NA,NA,NA,NA,NA,NA,NA,NA,NA,NA,NA,NA,NA,NA,NA,NA,NA,NA,NA,NA,NA,NA,NA,NA,NA,NA,NA,NA,NA,NA,NA,NA,NA,NA,NA,NA,NA,NA,NA,NA,NA,NA
"81","Latvia","Europe","Northern Europe",NA,NA,NA,NA,NA,NA,NA,NA,NA,NA,NA,NA,NA,NA,NA,NA,NA,NA,NA,NA,NA,NA,NA,NA,NA,NA,NA,NA,NA,NA,NA,NA,NA,NA,NA,NA,NA,NA,NA,NA,NA,NA,NA,NA,NA,NA,NA,NA,NA,NA,NA,NA,NA,NA
"82","Lebanon","Asia","Western Asia",NA,NA,NA,NA,NA,NA,NA,NA,NA,NA,NA,NA,NA,NA,NA,NA,NA,NA,NA,NA,NA,NA,NA,NA,NA,NA,NA,NA,NA,NA,NA,NA,NA,NA,NA,NA,NA,NA,NA,NA,NA,NA,NA,NA,NA,NA,NA,NA,NA,NA,NA,NA,NA,NA
"83","Lesotho","Africa","Southern Africa",-29,-29,4.11738073085196,4.11738073085196,2.81624387889317,2.80543087607845,5.42933058562546,6748.38072078092,114.63347224597,118.715413205637,124.055707217326,0.177851415,0.177851415,0.188742351665964,0.16686997,0.18883286,0.18272359,0.18272359,0.195463208331947,0.1698781,0.19556908,0.188994985,0.188994985,0.204255925071706,0.17360722,0.20438275,0.01600662735,0.01600662735,0.0150182973,0.0169949574,0.0164451231,0.0164451231,0.015289029,0.0176012172,0.01700954865,0.01700954865,0.0156246498,0.0183944475,0.0646087395512522,0.0646087395512522,0.0478177187798389,0.047678178227598,0.0815393008749063,0.0661940954818289,0.0661940954818289,0.0495175870948733,0.0493789981894431,0.0830091927742147,0.0682178700068654,0.0682178700068654,0.0517412784758981,0.0516043509649041,0.0848313890488268,2
"84","Liberia","Africa","Western Africa",NA,NA,NA,NA,NA,NA,NA,NA,NA,NA,NA,NA,NA,NA,NA,NA,NA,NA,NA,NA,NA,NA,NA,NA,NA,NA,NA,NA,NA,NA,NA,NA,NA,NA,NA,NA,NA,NA,NA,NA,NA,NA,NA,NA,NA,NA,NA,NA,NA,NA,NA,NA,NA,NA
"85","Libyan Arab Jamahiriya","Africa","Northern Africa",NA,NA,NA,NA,NA,NA,NA,NA,NA,NA,NA,NA,NA,NA,NA,NA,NA,NA,NA,NA,NA,NA,NA,NA,NA,NA,NA,NA,NA,NA,NA,NA,NA,NA,NA,NA,NA,NA,NA,NA,NA,NA,NA,NA,NA,NA,NA,NA,NA,NA,NA,NA,NA,NA
"86","Lithuania","Europe","Northern Europe",NA,NA,NA,NA,NA,NA,NA,NA,NA,NA,NA,NA,NA,NA,NA,NA,NA,NA,NA,NA,NA,NA,NA,NA,NA,NA,NA,NA,NA,NA,NA,NA,NA,NA,NA,NA,NA,NA,NA,NA,NA,NA,NA,NA,NA,NA,NA,NA,NA,NA,NA,NA,NA,NA
"87","Luxembourg","Europe","Western Europe",NA,NA,NA,NA,NA,NA,NA,NA,NA,NA,NA,NA,NA,NA,NA,NA,NA,NA,NA,NA,NA,NA,NA,NA,NA,NA,NA,NA,NA,NA,NA,NA,NA,NA,NA,NA,NA,NA,NA,NA,NA,NA,NA,NA,NA,NA,NA,NA,NA,NA,NA,NA,NA,NA
"88","Madagascar","Africa","East Africa",-20.8,-20.4078281833789,2.41000010015549,2.41000009373593,2.41000008611444,2.41000000874555,2.41000016552528,189.971721460572,2.79720127493235,2.81747182154675,2.84037581713836,0.14950016,0.1493936724,0.147243034564642,0.13603134,0.16047641,0.15085463,0.150523782,0.148310064249826,0.13540227,0.16172631,0.1528767,0.1518135176,0.149515717144663,0.13469248,0.16651865,0.014950016,0.01493936724,0.013603134,0.016047641,0.015085463,0.0150523782,0.013540227,0.016172631,0.01528767,0.01518135176,0.013469248,0.016651865,0.0360295402765888,0.0360038764330863,0.0354855725832061,0.0327835548114971,0.0386748149940834,0.0363559674872222,0.0362762328562375,0.0357427267453385,0.0326319489328424,0.0389760408955171,0.0368432863794357,0.0365870591466687,0.0360332891019925,0.0324608895330772,0.0401309951333481,25
"89","Malawi","Africa","East Africa",-15.5,-15.3597317990187,0.706479278234915,0.706479278234915,0.711102314644459,0.690000003612436,0.722958552857393,8.764780737973,0.157908396076766,0.162114191576156,0.167210511187583,0.180096745,0.180096745,0.180162403142197,0.1798627,0.18033079,0.18492683,0.18492683,0.184960920783567,0.18480531,0.18504835,0.19078071,0.19078071,0.190775463969283,0.19076201,0.19079941,0.0180096745,0.0180096745,0.01798627,0.018033079,0.018492683,0.018492683,0.018480531,0.018504835,0.019078071,0.019078071,0.019076201,0.019079941,0.0127238475311887,0.0127238475311887,0.0128117455238172,0.0124105263649743,0.0130371686974031,0.0130648975946123,0.0130648975946123,0.0131527983846483,0.0127515664567597,0.0133782287324648,0.0134782310139509,0.0134782310139509,0.0135660590096084,0.0131651593589251,0.0137913026689768,2
"90","Malaysia","Asia","South-Eastern Asia",6,6,0.639999982579097,0.639999982579097,0.639999982579097,0.639999982579097,0.639999982579097,0.401772827178371,0.00449028587760447,0.00427412876186804,0.00403164495932608,0.12417979,0.12417979,0.12417979,0.12417979,0.12417979,0.11820192,0.11820192,0.11820192,0.11820192,0.11820192,0.11149598,0.11149598,0.11149598,0.11149598,0.11149598,0.0111761811,0.0111761811,0.0111761811,0.0111761811,0.0106381728,0.0106381728,0.0106381728,0.0106381728,0.0100346382,0.0100346382,0.0100346382,0.0100346382,0.00715275570930084,0.00715275570930084,0.00715275570930084,0.00715275570930084,0.00715275570930084,0.00680843040667343,0.00680843040667343,0.00680843040667342,0.00680843040667343,0.00680843040667343,0.00642216827318754,0.00642216827318754,0.00642216827318754,0.00642216827318754,0.00642216827318754,1
"91","Mali","Africa","Western Africa",NA,NA,NA,NA,NA,NA,NA,NA,NA,NA,NA,NA,NA,NA,NA,NA,NA,NA,NA,NA,NA,NA,NA,NA,NA,NA,NA,NA,NA,NA,NA,NA,NA,NA,NA,NA,NA,NA,NA,NA,NA,NA,NA,NA,NA,NA,NA,NA,NA,NA,NA,NA,NA,NA
"92","Mauritania","Africa","Western Africa",16,16,1.00622417716668,1.00622417716668,1.00622417716668,1.00622417716668,1.00622417716668,1.35681323052652,0.029020315110241,0.0301963994616481,0.03154324418537,0.21388585,0.21388585,0.21388585,0.21388585,0.21388585,0.22255384,0.22255384,0.22255384,0.22255384,0.22255384,0.23248037,0.23248037,0.23248037,0.23248037,0.23248037,0.021388585,0.021388585,0.021388585,0.021388585,0.022255384,0.022255384,0.022255384,0.022255384,0.023248037,0.023248037,0.023248037,0.023248037,0.0215217113423845,0.0215217113423845,0.0215217113423845,0.0215217113423845,0.0215217113423845,0.0223939054529284,0.0223939054529284,0.0223939054529284,0.0223939054529284,0.0223939054529284,0.0233927369010654,0.0233927369010654,0.0233927369010654,0.0233927369010654,0.0233927369010654,1
"93","Mexico","Americas","Central America",20.5,19.8257978645683,3.42830914881378,2.93380718070987,2.42050053965242,0.982172388552216,4.4248380500148,675.574504415491,9.98302999107434,9.76970057129693,9.50840355848514,0.171387795,0.169771245,0.164189966808105,0.15400764,0.17598258,0.16589163,0.16522142,0.160681357660005,0.15369489,0.1757717,0.15693831,0.159671815,0.156383829965609,0.14609289,0.17553099,0.01542490155,0.01527941205,0.0138606876,0.0158384322,0.0149302467,0.0148699278,0.0138325401,0.015819453,0.0141244479,0.01437046335,0.0131483601,0.0157977891,0.0532497649408226,0.0453871006460739,0.0366453730609263,0.0150377221368795,0.0686494592231343,0.0510576530497327,0.0443785925650855,0.0357937317708947,0.0140695861703665,0.0680633642018329,0.0483150346457847,0.0431358007119097,0.0347374024552837,0.0129139562449617,0.0673750620588333,6
"94","Mongolia","Asia","Eastern Asia",47.5,47.0628523085394,3.52074341070323,3.52074341070323,3.5207434306116,3.52074338793248,3.52074343347399,778.185559964953,14.7024717442934,23.429322577229,733.112057272075,0.266399195,0.266399195,0.269903891100501,0.2623906,0.27040779,0.4058808,0.4058808,0.430108993876992,0.37816912,0.43359248,7.70324454285715,7.70324454285715,13.4582674472561,1.1207748,14.2857142857143,0.01864794365,0.01864794365,0.018367342,0.0189285453,0.028411656,0.028411656,0.0264718384,0.0303514736,0.539227118,0.539227118,0.078454236,1,0.0656546247352923,0.0656546247352923,0.0665183646057074,0.0646666979003946,0.0666425515701901,0.100030150693338,0.100030150693338,0.106001239035164,0.0932005500132172,0.106859751373459,1.89848033306315,1.89848033306315,3.31681747163589,0.276217232652295,3.520743433474,2
"95","Montenegro","Europe","Southern Europe",NA,NA,NA,NA,NA,NA,NA,NA,NA,NA,NA,NA,NA,NA,NA,NA,NA,NA,NA,NA,NA,NA,NA,NA,NA,NA,NA,NA,NA,NA,NA,NA,NA,NA,NA,NA,NA,NA,NA,NA,NA,NA,NA,NA,NA,NA,NA,NA,NA,NA,NA,NA,NA,NA
"96","Morocco","Africa","Northern Africa",33.75,33.6063877944828,1.25270028529369,1.21078622304002,1.18531648980877,1.03504968794711,1.30269463362557,37967.7756754325,1085.83042127778,1263.99392614269,1572.37841656423,0.23839635,0.252087025,0.259988515849957,0.21128172,0.32027368,0.27012853,0.2902518375,0.302647539119858,0.23014609,0.3906042,0.31536561,0.3547207025,0.376486348942015,0.25551615,0.53263544,0.0262235985,0.02772957275,0.0232409892,0.0352301048,0.0297141383,0.031927702125,0.0253160699,0.042966462,0.0346902171,0.039019277275,0.0281067765,0.0585898984,0.0313364260172142,0.0337629776528259,0.0342405815945195,0.0264849901118488,0.0458940684650265,0.0347013790914104,0.0389119961256315,0.0399335621688489,0.030273046846428,0.0559721794732771,0.0393724406390624,0.0476937425606987,0.0499136447802284,0.0357053427343224,0.0763247462303475,4
"97","Mozambique","Africa","East Africa",-16.7222222222222,-16.3564716224894,1.01999997919901,1.14189550420336,1.1240108516383,0.272291666417648,2.630633120228,13.4438364528633,0.227599041999952,0.229030901212843,0.230663405579337,0.165467265,0.165355671111111,0.169296199636136,0.13918866,0.18667213,0.166515255,0.166722764444444,0.170361267050421,0.14145505,0.18722358,0.1677141,0.168277951666667,0.171575581410922,0.1440186,0.18785452,0.0165467265,0.0165355671111111,0.013918866,0.018667213,0.0166515255,0.0166722764444444,0.014145505,0.018722358,0.01677141,0.0168277951666667,0.01440186,0.018785452,0.0167164793744471,0.0189954749955368,0.0189530112586618,0.00494852718068276,0.0491065887801506,0.0167822176420629,0.0191394118174608,0.0190716317745805,0.00501625564832916,0.0492516550435656,0.0168580282273144,0.0193028696397295,0.0192066078895199,0.00509507047117375,0.0494176322096533,18
"98","Namibia","Africa","Southern Africa",-17,-17,0.197458739318811,0.197458739318811,0.197458739318811,0.197458739318811,0.197458739318811,0.480215761161344,0.00829511643961401,0.00793167570552579,0.00750297701100608,0.17273728,0.17273728,0.17273728,0.17273728,0.17273728,0.165169,0.165169,0.165169,0.165169,0.165169,0.15624179,0.15624179,0.15624179,0.15624179,0.15624179,0.017273728,0.017273728,0.017273728,0.017273728,0.0165169,0.0165169,0.0165169,0.0165169,0.015624179,0.015624179,0.015624179,0.015624179,0.00341084855421605,0.00341084855421605,0.00341084855421605,0.00341084855421605,0.00341084855421605,0.00326140625145487,0.00326140625145487,0.00326140625145487,0.00326140625145487,0.00326140625145487,0.00308513068823145,0.00308513068823145,0.00308513068823145,0.00308513068823145,0.00308513068823145,1
"99","Nepal","Asia","Southern Asia",27.7777777777778,27.4952180156546,1.66820406959846,1.61167398185231,1.70678893612241,1.21598021651753,1.83527944609522,8486.29214065008,123.774121819753,127.829854256488,134.866092495547,0.22067491,0.22204738,0.208359753703547,0.19738507,0.25129287,0.23660224,0.235851197777778,0.215187121162765,0.20085391,0.28792433,0.26136844,0.276821797777778,0.227031833489827,0.20548276,0.49473092,0.0154472437,0.0155433166,0.0138169549,0.0175905009,0.0165621568,0.0165095838444444,0.0140597737,0.0201547031,0.0182957908,0.0193775258444444,0.0143837932,0.0346311644,0.0247700678875979,0.0249146225932388,0.0248483558207808,0.021360224326431,0.0288950386676314,0.0254326680037947,0.0263524299589621,0.025647352537624,0.0238360170748821,0.0303961859580461,0.0277391174226282,0.0303514476222818,0.0270039140260118,0.024686233819063,0.0421108107853663,9
"100","Netherlands","Europe","Western Europe",NA,NA,NA,NA,NA,NA,NA,NA,NA,NA,NA,NA,NA,NA,NA,NA,NA,NA,NA,NA,NA,NA,NA,NA,NA,NA,NA,NA,NA,NA,NA,NA,NA,NA,NA,NA,NA,NA,NA,NA,NA,NA,NA,NA,NA,NA,NA,NA,NA,NA,NA,NA,NA,NA
"101","New Caledonia","Oceania","Melanesia",NA,NA,NA,NA,NA,NA,NA,NA,NA,NA,NA,NA,NA,NA,NA,NA,NA,NA,NA,NA,NA,NA,NA,NA,NA,NA,NA,NA,NA,NA,NA,NA,NA,NA,NA,NA,NA,NA,NA,NA,NA,NA,NA,NA,NA,NA,NA,NA,NA,NA,NA,NA,NA,NA
"102","New Zealand","Oceania","Australia and New Zealand",NA,NA,NA,NA,NA,NA,NA,NA,NA,NA,NA,NA,NA,NA,NA,NA,NA,NA,NA,NA,NA,NA,NA,NA,NA,NA,NA,NA,NA,NA,NA,NA,NA,NA,NA,NA,NA,NA,NA,NA,NA,NA,NA,NA,NA,NA,NA,NA,NA,NA,NA,NA,NA,NA
"103","Nicaragua","Americas","Central America",13,13,0.722312414927952,0.722312414927952,0.722312414927952,0.722312414927952,0.722312414927952,9.40797241449882,0.0957009341753719,0.0893900512269702,0.0822336192314375,0.1453189,0.1453189,0.1453189,0.1453189,0.1453189,0.13573602,0.13573602,0.13573602,0.13573602,0.13573602,0.1248692,0.1248692,0.1248692,0.1248692,0.1248692,0.010172323,0.010172323,0.010172323,0.010172323,0.0095015214,0.0095015214,0.0095015214,0.0095015214,0.008740844,0.008740844,0.008740844,0.008740844,0.00734759519155715,0.00734759519155715,0.00734759519155715,0.00734759519155715,0.00734759519155715,0.00686306686792361,0.00686306686792361,0.00686306686792361,0.00686306686792361,0.00686306686792361,0.0063136201381485,0.0063136201381485,0.0063136201381485,0.0063136201381485,0.0063136201381485,1
"104","Niger","Africa","Western Africa",13,13,1.85800248597888,1.83000335776206,1.85195646012275,1.73823192380096,1.86577653528954,41.3418255636703,0.866527409486697,0.892487046361742,0.922646381481904,0.20633391,0.20707227,0.209600664139072,0.2027625,0.21285876,0.21032662,0.212032115,0.215879931326987,0.20679398,0.22068124,0.214909235,0.2177600225,0.223175045828816,0.21141187,0.22980975,0.020633391,0.020707227,0.02027625,0.021285876,0.021032662,0.0212032115,0.020679398,0.022068124,0.0214909235,0.02177600225,0.021141187,0.022980975,0.0377656583753881,0.0378900926779187,0.0388190053143039,0.0363143661006117,0.0397146878602868,0.0385048038879437,0.0388009757443507,0.0399849694666578,0.037020107382226,0.0411741878192894,0.0393515742257664,0.039852996576722,0.0413396314414334,0.0378314740649221,0.0428773637904334,4
"105","Nigeria","Africa","Western Africa",9.98214285714286,11.5385683171596,1.65876980149066,1.4990215179442,1.70772001912745,0.595965262122621,1.90708882384617,2066.22729260136,40.8453193288119,41.4804829151911,42.2224741352222,0.18314796,0.183843319107143,0.197680668893828,0.15395902,0.21989801,0.182211225,0.184418173035714,0.200754694624944,0.15217368,0.22536663,0.180589025,0.185082487142857,0.204345738179,0.15013212,0.23170392,0.018314796,0.0183843319107143,0.015395902,0.021989801,0.0182211225,0.0184418173035714,0.015217368,0.022536663,0.0180589025,0.0185082487142857,0.015013212,0.023170392,0.0290038418827085,0.0277870068098821,0.0337840545799464,0.00917542277104418,0.0398212472100638,0.0289718177566473,0.0278771689502635,0.0343116776139424,0.00906902270893638,0.0411857419304907,0.028934603717208,0.0279810982067204,0.0349280421459843,0.00894735282488248,0.0427803410218368,56
"106","Norway","Europe","Northern Europe",NA,NA,NA,NA,NA,NA,NA,NA,NA,NA,NA,NA,NA,NA,NA,NA,NA,NA,NA,NA,NA,NA,NA,NA,NA,NA,NA,NA,NA,NA,NA,NA,NA,NA,NA,NA,NA,NA,NA,NA,NA,NA,NA,NA,NA,NA,NA,NA,NA,NA,NA,NA,NA,NA
"107","Pakistan","Asia","Southern Asia",30.18,30.1716193489614,2.40447326429266,2.07254821657885,2.30473598025502,0.722175427148322,2.47519309805145,537581.28864141,7446.33949057312,7726.66052124415,8067.93103332532,0.202197025,0.208692979,0.197879428998721,0.16893794,0.31938525,0.20892018,0.2151326994,0.205328695253065,0.17604462,0.31370666,0.216512345,0.223530241,0.214397636328101,0.18402982,0.38235922,0.01415379175,0.01460850853,0.0118256558,0.0223569675,0.0146244126,0.015059288958,0.0123231234,0.0219594662,0.01515586415,0.01564711687,0.0128820874,0.0267651454,0.0321618558124737,0.0298431662520761,0.0318254528182763,0.0112020166998043,0.0404056172462559,0.0332300138451125,0.0308394181786308,0.0330360520193706,0.0112701854382044,0.0454798061714894,0.034538388952258,0.032128398601835,0.034503470315205,0.0113875405339019,0.0554327511359876,50
"108","Palestine","Asia","Western Asia",NA,NA,NA,NA,NA,NA,NA,NA,NA,NA,NA,NA,NA,NA,NA,NA,NA,NA,NA,NA,NA,NA,NA,NA,NA,NA,NA,NA,NA,NA,NA,NA,NA,NA,NA,NA,NA,NA,NA,NA,NA,NA,NA,NA,NA,NA,NA,NA,NA,NA,NA,NA,NA,NA
"109","Panama","Americas","Central America",NA,NA,NA,NA,NA,NA,NA,NA,NA,NA,NA,NA,NA,NA,NA,NA,NA,NA,NA,NA,NA,NA,NA,NA,NA,NA,NA,NA,NA,NA,NA,NA,NA,NA,NA,NA,NA,NA,NA,NA,NA,NA,NA,NA,NA,NA,NA,NA,NA,NA,NA,NA,NA,NA
"110","Papua New Guinea","Oceania","Melanesia",NA,NA,NA,NA,NA,NA,NA,NA,NA,NA,NA,NA,NA,NA,NA,NA,NA,NA,NA,NA,NA,NA,NA,NA,NA,NA,NA,NA,NA,NA,NA,NA,NA,NA,NA,NA,NA,NA,NA,NA,NA,NA,NA,NA,NA,NA,NA,NA,NA,NA,NA,NA,NA,NA
"111","Paraguay","Americas","South America",-23.9545454545455,-25.0440598238971,1.23352134819298,1.23439702918597,1.37902833908453,0.815601495726552,2.20892073245611,5932.28846853317,106.889108747732,109.608605964779,112.842356087258,0.205256125,0.208140974090909,0.199820367500742,0.18508304,0.23019459,0.210235845,0.214462543636364,0.204916423771565,0.19130505,0.24078209,0.21563651,0.22201132,0.210976033945789,0.19866218,0.2569721,0.01853160795,0.0188479957261364,0.0166574736,0.0207175131,0.0190716201,0.0194166873352273,0.0172174545,0.0216703881,0.0198170062375,0.0200958044306818,0.0178795962,0.023127489,0.0228888269336268,0.0232718392183151,0.0247997691460045,0.0156292765877639,0.045763344211521,0.0228878833728007,0.024002012753153,0.0254479412385809,0.0158746448332232,0.0478681695544601,0.0233349574992672,0.0248747754303295,0.0262182209184421,0.0161657497268787,0.0504142815949415,22
"112","Peru","Americas","South America",-11.1162790697674,-10.1700824298319,1.25999997745099,1.04311952471502,1.16116991937031,0.544854792706226,1.2600000403584,3746.36158393831,64.5932153370404,56.7927173545132,76.1224974952431,0.17036328,0.176811116767442,0.172431134916297,0.099292141,0.29166155,0.15302589,0.157722713339535,0.151601463068157,-0.02477971,0.40203337,0.1110517,0.364535105632558,0.203182337003248,-0.765845,10,0.017036328,0.0176731739982558,0.0099292141,0.029166155,0.015302589,0.0157685645692442,-0.002477971,0.040203337,0.01110517,0.0364577373818605,-0.0765845,1,0.0207653805987819,0.0189932991921053,0.0202443534693597,0.00681257093753416,0.036749355127886,0.017391196664474,0.0174718728147427,0.0180753092977149,-0.00170017012913967,0.0506562043827539,0.0121416913835867,0.047229710941354,0.0260543697823239,-0.0525456848692017,1.25999999409884,43
"113","Philippines","Asia","South-Eastern Asia",NA,NA,NA,NA,NA,NA,NA,NA,NA,NA,NA,NA,NA,NA,NA,NA,NA,NA,NA,NA,NA,NA,NA,NA,NA,NA,NA,NA,NA,NA,NA,NA,NA,NA,NA,NA,NA,NA,NA,NA,NA,NA,NA,NA,NA,NA,NA,NA,NA,NA,NA,NA,NA,NA
"114","Poland","Europe","Eastern Europe",NA,NA,NA,NA,NA,NA,NA,NA,NA,NA,NA,NA,NA,NA,NA,NA,NA,NA,NA,NA,NA,NA,NA,NA,NA,NA,NA,NA,NA,NA,NA,NA,NA,NA,NA,NA,NA,NA,NA,NA,NA,NA,NA,NA,NA,NA,NA,NA,NA,NA,NA,NA,NA,NA
"115","Portugal","Europe","Southern Europe",38.6666666666667,38.4078452258479,1.25407399059582,1.36706378713009,1.37820640096729,1.08434966362039,1.88582549352837,9327.09135123825,132.75039148666,150.989311907887,183.472490901888,0.207788395,0.211389516666667,0.237212914665399,0.15760125,0.27518676,0.22891076,0.234996326666667,0.269804211949102,0.17046047,0.32031679,0.263080325,0.275538471666667,0.327848707942465,0.18680647,0.40512157,0.0124673037,0.012683371,0.009456075,0.0165112056,0.0137346456,0.0140997796,0.0102276282,0.0192190074,0.0157848195,0.0165323083,0.0112083882,0.0243072942,0.0184750290656869,0.017297716433206,0.019492687349519,0.0111909921005462,0.0242712348116141,0.0207621618163125,0.0192514232330711,0.0221596065527375,0.0115630485185094,0.0282516645211873,0.0237022050311853,0.0225926775137852,0.0269014437425478,0.0121538119743968,0.0357313729509361,6
"116","Puerto Rico","Americas","Caribbean",NA,NA,NA,NA,NA,NA,NA,NA,NA,NA,NA,NA,NA,NA,NA,NA,NA,NA,NA,NA,NA,NA,NA,NA,NA,NA,NA,NA,NA,NA,NA,NA,NA,NA,NA,NA,NA,NA,NA,NA,NA,NA,NA,NA,NA,NA,NA,NA,NA,NA,NA,NA,NA,NA
"117","Republic of Moldova","Europe","Eastern Europe",47.5,47.7423188843627,1.66538420868704,1.66538420868704,1.95072541571227,1.07661208765392,2.25415632972016,9904.48587683505,259.320909575266,271.524469652919,290.828860341098,0.263376925,0.263376925,0.261821676359572,0.26016783,0.26658602,0.275866645,0.275866645,0.27414292173203,0.27230992,0.27942337,0.295458875,0.295458875,0.293633474728151,0.29169235,0.2992254,0.0263376925,0.0263376925,0.026016783,0.026658602,0.0275866645,0.0275866645,0.027230992,0.027942337,0.0295458875,0.0295458875,0.029169235,0.02992254,0.0436734346157804,0.0436734346157804,0.0509296549313548,0.028700973153155,0.0586458960784058,0.0457329853764292,0.0457329853764292,0.053317531371597,0.0300830577714994,0.061382912981359,0.0489834919828264,0.0489834919828264,0.0571101519059812,0.0322149682573079,0.0657520157083448,2
"118","Romania","Europe","Eastern Europe",44.5,44.0856985987767,2.15030100761639,2.15030100761639,3.03996272342762,1.07661200586018,3.22399000937259,22224.2238472442,397.236049475328,400.31489730821,404.862175748257,0.25857079,0.25857079,0.24786452919398,0.24564993,0.27149165,0.267607595,0.267607595,0.249343428453123,0.24556547,0.28964972,0.280947275,0.280947275,0.251528126085466,0.24544275,0.3164518,0.0211542363625,0.0211542363625,0.0171954951,0.025112977625,0.021991091,0.021991091,0.0171895829,0.0267925991,0.023226392,0.023226392,0.0171809925,0.0292717915,0.0412375188112942,0.0412375188112942,0.0530041638336167,0.0270369332139731,0.0554381044086154,0.0421321386970703,0.0421321386970703,0.0531417052815217,0.0288452338592587,0.055419043534882,0.0434528551665207,0.0434528551665207,0.0533451239271082,0.031514362161936,0.0553913481711055,2
"119","Russia","Europe","Eastern Europe",48.4117647058824,48.1527394070015,1.79646836554124,2.12434151830447,2.59384304250489,0.869759852526343,2.96132523766427,175881.078760285,4548.70218402236,5487.52553771915,6104.42680407831,0.25707578,0.281548081470588,0.259028258239927,0.22121386,0.63559202,0.273104755,1.08255271235294,0.312569085300975,0.23735582,10,0.30030399,1.18005182911765,0.348128667688141,0.24767787,10,0.0256064105,0.0279210711764706,0.018543133,0.063559202,0.0272746775,0.107927626111765,0.023735582,1,0.030030399,0.117397487505882,0.024767787,1,0.0539377324384926,0.0573335404465808,0.0676065798519139,0.0201590129294232,0.0820181773565561,0.0630072930626965,0.161350335773762,0.0758116150544354,0.0213066140877997,1.28393126673176,0.0734660052504383,0.176540531765831,0.0828884351880747,0.023134206545279,1.28393129955706,34
"120","Rwanda","Africa","East Africa",NA,NA,NA,NA,NA,NA,NA,NA,NA,NA,NA,NA,NA,NA,NA,NA,NA,NA,NA,NA,NA,NA,NA,NA,NA,NA,NA,NA,NA,NA,NA,NA,NA,NA,NA,NA,NA,NA,NA,NA,NA,NA,NA,NA,NA,NA,NA,NA,NA,NA,NA,NA,NA,NA
"121","Saudi Arabia","Asia","Western Asia",NA,NA,NA,NA,NA,NA,NA,NA,NA,NA,NA,NA,NA,NA,NA,NA,NA,NA,NA,NA,NA,NA,NA,NA,NA,NA,NA,NA,NA,NA,NA,NA,NA,NA,NA,NA,NA,NA,NA,NA,NA,NA,NA,NA,NA,NA,NA,NA,NA,NA,NA,NA,NA,NA
"122","Senegal","Africa","Western Africa",15,15,1.00622414885101,1.00622414885101,1.00622414885101,1.00622414885101,1.00622414885101,1.15236552997258,0.0235131808693503,0.0240619200492403,0.0246896688669618,0.20404273,0.20404273,0.20404273,0.20404273,0.20404273,0.20880458,0.20880458,0.20880458,0.20880458,0.20880458,0.21425206,0.21425206,0.21425206,0.21425206,0.21425206,0.020404273,0.020404273,0.020404273,0.020404273,0.020880458,0.020880458,0.020880458,0.020880458,0.021425206,0.021425206,0.021425206,0.021425206,0.0205312722323487,0.0205312722323487,0.0205312722323487,0.0205312722323487,0.0205312722323487,0.0210104210786694,0.0210104210786694,0.0210104210786694,0.0210104210786694,0.0210104210786694,0.0215585596713077,0.0215585596713077,0.0215585596713077,0.0215585596713077,0.0215585596713077,1
"123","Serbia","Europe","Southern Europe",45,45,2.690816222484,2.690816222484,2.690816222484,2.690816222484,2.690816222484,10221.85992281,176.042773878765,193.745749355093,227.298291065894,0.24603123,0.24603123,0.24603123,0.24603123,0.24603123,0.27077229,0.27077229,0.27077229,0.27077229,0.27077229,0.31766415,0.31766415,0.31766415,0.31766415,0.31766415,0.0172221861,0.0172221861,0.0172221861,0.0172221861,0.0189540603,0.0189540603,0.0189540603,0.0189540603,0.0222364905,0.0222364905,0.0222364905,0.0222364905,0.0463417377445184,0.0463417377445184,0.0463417377445184,0.0463417377445184,0.0463417377445184,0.0510018929371799,0.0510018929371799,0.0510018929371799,0.0510018929371799,0.0510018929371799,0.0598343093685113,0.0598343093685113,0.0598343093685113,0.0598343093685113,0.0598343093685113,1
"124","Sierra Leone","Africa","Western Africa",NA,NA,NA,NA,NA,NA,NA,NA,NA,NA,NA,NA,NA,NA,NA,NA,NA,NA,NA,NA,NA,NA,NA,NA,NA,NA,NA,NA,NA,NA,NA,NA,NA,NA,NA,NA,NA,NA,NA,NA,NA,NA,NA,NA,NA,NA,NA,NA,NA,NA,NA,NA,NA,NA
"125","Slovakia","Europe","Eastern Europe",NA,NA,NA,NA,NA,NA,NA,NA,NA,NA,NA,NA,NA,NA,NA,NA,NA,NA,NA,NA,NA,NA,NA,NA,NA,NA,NA,NA,NA,NA,NA,NA,NA,NA,NA,NA,NA,NA,NA,NA,NA,NA,NA,NA,NA,NA,NA,NA,NA,NA,NA,NA,NA,NA
"126","Slovenia","Europe","Southern Europe",NA,NA,NA,NA,NA,NA,NA,NA,NA,NA,NA,NA,NA,NA,NA,NA,NA,NA,NA,NA,NA,NA,NA,NA,NA,NA,NA,NA,NA,NA,NA,NA,NA,NA,NA,NA,NA,NA,NA,NA,NA,NA,NA,NA,NA,NA,NA,NA,NA,NA,NA,NA,NA,NA
"127","Somalia","Africa","East Africa",1.54545454545455,1.4139077454891,1.230000020631,1.23000003164349,1.23000003360113,1.22999998023567,1.23000008630948,49.3063595087584,0.695037682847801,0.675951668018431,0.654540589532657,0.13957301,0.138509403636364,0.140963090719431,0.12783715,0.15490082,0.13354974,0.134474971818182,0.137092187448631,0.12273554,0.15075406,0.12869512,0.129955364545455,0.132749729660408,0.11702286,0.14599214,0.013957301,0.0138509403636364,0.012783715,0.015490082,0.013354974,0.0134474971818182,0.012273554,0.015075406,0.012869512,0.0129955364545455,0.011702286,0.014599214,0.0171674804934577,0.0170366570869145,0.0173384606304165,0.0157239696076086,0.0190528015072256,0.0164266182872029,0.0165404219601229,0.0168623395143803,0.0150964715713189,0.0185427500098991,0.0158295000255109,0.0159845102508293,0.0163282171910098,0.0143938119242758,0.0179570338300022,11
"128","South Africa","Africa","Southern Africa",-29.5675675675676,-31.8481970679406,2.40000008370461,2.4174309258893,2.61819144753665,0.554746225434316,5.64256191471526,28882.2788100704,420.962362561148,435.187683941615,453.104425117587,0.19727753,0.190385465945946,0.16194565583869,0.12513722,0.23761996,0.20297638,0.197283403243243,0.167418185464522,0.1273482,0.24988711,0.20604611,0.206284197027027,0.174310816868863,0.13002947,0.26715131,0.0177549777,0.0171346919351351,0.0112623498,0.0213857964,0.0182678742,0.0177555062918919,0.011461338,0.0224898399,0.0185441499,0.0185655777324324,0.0117026523,0.0240436179,0.0380550753543748,0.0419042561305821,0.0360277077516518,0.00926572405390484,0.102826235090429,0.0393862883963506,0.0431482197047652,0.0372333305265253,0.00994579588380739,0.103572304219148,0.0406935787016215,0.0447541254384272,0.0387428339735706,0.0108259887532103,0.104450221399359,37
"129","Spain","Europe","Southern Europe",39.2083333333333,39.3580604148857,2.08608249363024,2.25545898397361,2.43683410216368,1.4699856099668,3.93437335135866,65052.5055923745,1072.66006340804,1254.85464391787,1691.99317864664,0.28272116,0.277984864583333,0.274819049023117,0.20821101,0.32051276,0.33987754,0.328482515416667,0.321497901961665,0.22732262,0.41921331,0.451971305,0.472159340416667,0.433494237523773,0.24911801,1.1470187,0.0169632696,0.016679091875,0.0124926606,0.0192307656,0.0203926524,0.019708950925,0.0136393572,0.0251527986,0.0271182783,0.028329560425,0.0149470806,0.068821122,0.0371639305868976,0.03697821251913,0.03942499729443,0.0239984399976539,0.0600893537079393,0.0444343943547244,0.0434355367838266,0.0458102507154916,0.0277232191889186,0.0697166582837587,0.0592018536424809,0.0617321353288428,0.0609339930868513,0.0350266951054834,0.14654202736414,24
"130","Sri Lanka","Asia","Southern Asia",NA,NA,NA,NA,NA,NA,NA,NA,NA,NA,NA,NA,NA,NA,NA,NA,NA,NA,NA,NA,NA,NA,NA,NA,NA,NA,NA,NA,NA,NA,NA,NA,NA,NA,NA,NA,NA,NA,NA,NA,NA,NA,NA,NA,NA,NA,NA,NA,NA,NA,NA,NA,NA,NA
"131","Sudan","Africa","Northern Africa",11.9642857142857,11.9819249085714,1.38935402924161,1.38535247303386,1.50977700254249,1.04289277247035,1.58946671746774,3171.66365602401,59.8746047392772,58.5338928165879,56.9679755322282,0.19350322,0.1943608225,0.188779805278394,0.17615123,0.21827648,0.18953396,0.189960884642857,0.184552648593155,0.16998698,0.21489499,0.183412375,0.184805850714286,0.179615437544986,0.16271257,0.21085622,0.019350322,0.01943608225,0.017615123,0.021827648,0.018953396,0.0189960884642857,0.016998698,0.021489499,0.0183412375,0.0184805850714286,0.016271257,0.021085622,0.0270025820479982,0.0268088493996306,0.0285309426576842,0.0188669929617238,0.0326967584476472,0.0263132091809463,0.0261913295083216,0.0278906187955558,0.0184480618921297,0.0324524043707672,0.0254967838994835,0.0254678241465526,0.0271420200910875,0.0179722358073334,0.0324245805149869,28
"132","Suriname","Americas","South America",NA,NA,NA,NA,NA,NA,NA,NA,NA,NA,NA,NA,NA,NA,NA,NA,NA,NA,NA,NA,NA,NA,NA,NA,NA,NA,NA,NA,NA,NA,NA,NA,NA,NA,NA,NA,NA,NA,NA,NA,NA,NA,NA,NA,NA,NA,NA,NA,NA,NA,NA,NA,NA,NA
"133","Swaziland","Africa","Southern Africa",-27,-27,1.85711616577795,1.85711616577795,1.85711616577795,1.85711616577795,1.85711616577795,5.60669588125514,0.0803720521774734,0.0804264786170711,0.0804885245563714,0.15927791,0.15927791,0.15927791,0.15927791,0.15927791,0.15938577,0.15938577,0.15938577,0.15938577,0.15938577,0.15950873,0.15950873,0.15950873,0.15950873,0.15950873,0.0143350119,0.0143350119,0.0143350119,0.0143350119,0.0143447193,0.0143447193,0.0143447193,0.0143447193,0.0143557857,0.0143557857,0.0143557857,0.0143557857,0.0266217823361092,0.0266217823361092,0.0266217823361092,0.0266217823361092,0.0266217823361092,0.0266398101055769,0.0266398101055769,0.0266398101055769,0.0266398101055769,0.0266398101055769,0.0266603616959139,0.0266603616959139,0.0266603616959139,0.0266603616959139,0.0266603616959139,1
"134","Sweden","Europe","Northern Europe",NA,NA,NA,NA,NA,NA,NA,NA,NA,NA,NA,NA,NA,NA,NA,NA,NA,NA,NA,NA,NA,NA,NA,NA,NA,NA,NA,NA,NA,NA,NA,NA,NA,NA,NA,NA,NA,NA,NA,NA,NA,NA,NA,NA,NA,NA,NA,NA,NA,NA,NA,NA,NA,NA
"135","Switzerland","Europe","Western Europe",NA,NA,NA,NA,NA,NA,NA,NA,NA,NA,NA,NA,NA,NA,NA,NA,NA,NA,NA,NA,NA,NA,NA,NA,NA,NA,NA,NA,NA,NA,NA,NA,NA,NA,NA,NA,NA,NA,NA,NA,NA,NA,NA,NA,NA,NA,NA,NA,NA,NA,NA,NA,NA,NA
"136","Syrian Arab Republic","Asia","Western Asia",NA,NA,NA,NA,NA,NA,NA,NA,NA,NA,NA,NA,NA,NA,NA,NA,NA,NA,NA,NA,NA,NA,NA,NA,NA,NA,NA,NA,NA,NA,NA,NA,NA,NA,NA,NA,NA,NA,NA,NA,NA,NA,NA,NA,NA,NA,NA,NA,NA,NA,NA,NA,NA,NA
"137","Taiwan","Asia","Eastern Asia",NA,NA,NA,NA,NA,NA,NA,NA,NA,NA,NA,NA,NA,NA,NA,NA,NA,NA,NA,NA,NA,NA,NA,NA,NA,NA,NA,NA,NA,NA,NA,NA,NA,NA,NA,NA,NA,NA,NA,NA,NA,NA,NA,NA,NA,NA,NA,NA,NA,NA,NA,NA,NA,NA
"138","Tajikistan","Asia","Central Asia",38,37.6143636812456,1.37000001954612,1.6149999992642,1.52042798634572,1.37000000787947,2.34999995008509,9839.44643952324,275.417723480469,306.24213724214,384.331863571923,0.295526615,0.2960656775,0.279911807207128,0.25171418,0.3414953,0.34226551,0.337185695,0.311239193306671,0.26647995,0.39773181,0.478464685,0.44981546,0.39060313599364,0.28782055,0.55451192,0.0295526615,0.02960656775,0.025171418,0.03414953,0.034226551,0.0337185695,0.026647995,0.039773181,0.0478464685,0.044981546,0.028782055,0.055451192,0.0440488351649019,0.0476537441317295,0.0427028055288236,0.0344848428921502,0.0680324633049641,0.0506829136577095,0.0545824142880673,0.0477899166126694,0.0365077533957683,0.0804560764410817,0.0665236956956989,0.0748618831024957,0.0616401401390659,0.0394314156154502,0.126968725403135,4
"139","Thailand","Asia","South-Eastern Asia",15.2068965517241,14.7227366833031,0.63999998830749,0.640916671830706,0.640223789389065,0.639999966597004,0.666583843833291,14.7814450692954,0.209240824588245,0.210610136142172,0.212178171929812,0.1626402,0.159856459310345,0.15728489603563,0.11442157,0.18008966,0.1637296,0.160918126551724,0.158314198160699,0.11112616,0.18354374,0.16615983,0.162140696896552,0.159492879932406,0.10748228,0.18758202,0.014637618,0.014387081337931,0.0102979413,0.0162080694,0.014735664,0.0144826313896552,0.0100013544,0.0165189366,0.0149543847,0.0145926627206897,0.0096734052,0.0168823818,0.00936807534867322,0.00922258956336019,0.0090632372378201,0.00659068218777044,0.0108040372017687,0.0094308247877031,0.0092840265628687,0.0091225946126158,0.0064008665788044,0.0110112562548664,0.00957080600161397,0.00935477977845162,0.0091905680220778,0.00619097909858215,0.0112535229533052,29
"140","The former Yugoslav Republic of Macedonia","Europe","Southern Europe",41,41,2.31061437503154,2.31061437503154,2.31061437503154,2.31061437503154,2.31061437503154,3600.08097649177,63.1865379325224,71.7294948089438,91.6792942190636,0.25073459,0.25073459,0.25073459,0.25073459,0.25073459,0.28463445,0.28463445,0.28463445,0.28463445,0.28463445,0.36379854,0.36379854,0.36379854,0.36379854,0.36379854,0.0175514213,0.0175514213,0.0175514213,0.0175514213,0.0199244115,0.0199244115,0.0199244115,0.0199244115,0.0254658978,0.0254658978,0.0254658978,0.0254658978,0.0405545663580147,0.0405545663580147,0.0405545663580147,0.0405545663580147,0.0405545663580147,0.0460376316259437,0.0460376316259437,0.0460376316259437,0.0460376316259437,0.0460376316259437,0.058841869529764,0.058841869529764,0.058841869529764,0.058841869529764,0.058841869529764,1
"141","Timor-Leste","Asia","South-Eastern Asia",NA,NA,NA,NA,NA,NA,NA,NA,NA,NA,NA,NA,NA,NA,NA,NA,NA,NA,NA,NA,NA,NA,NA,NA,NA,NA,NA,NA,NA,NA,NA,NA,NA,NA,NA,NA,NA,NA,NA,NA,NA,NA,NA,NA,NA,NA,NA,NA,NA,NA,NA,NA,NA,NA
"142","Togo","Africa","Western Africa",NA,NA,NA,NA,NA,NA,NA,NA,NA,NA,NA,NA,NA,NA,NA,NA,NA,NA,NA,NA,NA,NA,NA,NA,NA,NA,NA,NA,NA,NA,NA,NA,NA,NA,NA,NA,NA,NA,NA,NA,NA,NA,NA,NA,NA,NA,NA,NA,NA,NA,NA,NA,NA,NA
"143","Trinidad and Tobago","Americas","Caribbean",NA,NA,NA,NA,NA,NA,NA,NA,NA,NA,NA,NA,NA,NA,NA,NA,NA,NA,NA,NA,NA,NA,NA,NA,NA,NA,NA,NA,NA,NA,NA,NA,NA,NA,NA,NA,NA,NA,NA,NA,NA,NA,NA,NA,NA,NA,NA,NA,NA,NA,NA,NA,NA,NA
"144","Tunisia","Africa","Northern Africa",NA,NA,NA,NA,NA,NA,NA,NA,NA,NA,NA,NA,NA,NA,NA,NA,NA,NA,NA,NA,NA,NA,NA,NA,NA,NA,NA,NA,NA,NA,NA,NA,NA,NA,NA,NA,NA,NA,NA,NA,NA,NA,NA,NA,NA,NA,NA,NA,NA,NA,NA,NA,NA,NA
"145","Turkey","Asia","Western Asia",38.8846153846154,38.6385272092966,2.14153217890042,2.09783412237336,2.53833110243401,0.802510978618717,3.65187621966087,232941.992385391,5607.96789069757,6588.13143868231,8947.15212890593,0.26909881,0.278137643076923,0.267494725631067,0.23181834,0.36592811,0.325544215,0.337584155,0.314247593060402,0.25444357,0.56354183,0.44450257,0.543831168846154,0.426770632526465,0.29940988,2.6022671,0.0242188929,0.0250323878769231,0.0208636506,0.0329335299,0.02929897935,0.03038257395,0.0228999213,0.0507187647,0.0400052313,0.0489448051961538,0.0269468892,0.234204039,0.0537455600167795,0.0513470141286913,0.0602647045900934,0.0206411401152035,0.0857637955478751,0.064274797023979,0.0614602959408078,0.0700897498323172,0.0239217636664815,0.0937967188423518,0.0910982719488704,0.0908337859105352,0.0927699504529197,0.030475132358258,0.200622201447064,26
"146","Turkmenistan","Asia","Central Asia",39.1666666666667,39.8921467575672,2.69000007244987,2.6900000450063,2.74090170166974,2.48999995695654,2.89000008426426,38054.0993071864,950.902488596651,983.900188094185,1034.69459505302,0.246106765,0.252229691666667,0.249881748854604,0.23948628,0.27610052,0.251203665,0.262362586666667,0.258553009007463,0.24503671,0.3003845,0.25907141,0.277929533333333,0.271900955190292,0.25160424,0.3391164,0.0246106765,0.0252229691666667,0.023948628,0.027610052,0.0251203665,0.0262362586666667,0.024503671,0.03003845,0.025907141,0.0277929533333333,0.025160424,0.03391164,0.0689802843587932,0.0676502261537607,0.0683025082229551,0.0611968946158758,0.0712219915066327,0.0708281619827247,0.0702731209866108,0.0705783351919458,0.0624597205315686,0.0747957433033354,0.0740428135125654,0.0742978633102407,0.0740786241186708,0.0643947916702919,0.0844399867648004,6
"147","Uganda","Africa","East Africa",2.09090909090909,3.48055887117442,1.76999998371766,1.81704884190983,2.05699992256478,1.76999991684169,2.15753751524083,1472.71586011999,25.9456597694802,24.8687568022046,23.6186686264004,0.17203343,0.169525449090909,0.176175598240426,0.15188683,0.18038436,0.16445151,0.161081303636364,0.168863237475954,0.14054696,0.17258619,0.15419658,0.15113426,0.16037491865183,0.12699838,0.16377618,0.017203343,0.0169525449090909,0.015188683,0.018038436,0.016445151,0.0161081303636364,0.014054696,0.017258619,0.015419658,0.015113426,0.012699838,0.016377618,0.0304499167017878,0.0308426604323975,0.0362898774467591,0.0268839695767631,0.0384004568067606,0.0291079170022344,0.0293144063085158,0.0348013959534754,0.0248768125369826,0.0369748789963278,0.0272927944089319,0.0275148232685987,0.0330751456803759,0.0224787138175061,0.0353353252452835,11
"148","Ukraine","Europe","Eastern Europe",48.6885245901639,48.625274891842,2.25415631161779,2.28981416739976,2.80896197686059,1.00932371002433,4.2391595928487,361002.920509634,9545.93290633568,10033.1971763144,10832.4015812029,0.26549667,0.266045428360656,0.264428135175735,0.25398249,0.2776121,0.27996689,0.278792934754098,0.277925651187264,0.25790956,0.30162998,0.30339652,0.299618666721311,0.30006409826022,0.25918803,0.34733674,0.026549667,0.0266045428360656,0.025398249,0.02776121,0.027996689,0.0278792934754098,0.025790956,0.030162998,0.030339652,0.0299618666721311,0.025918803,0.034733674,0.0596826386443635,0.0608065718767914,0.0741175039794137,0.026466023044675,0.109583555701336,0.0629860444985594,0.064044724303656,0.0781987579364377,0.0267138009129251,0.117086180367718,0.0671124731325014,0.0693612514860594,0.0849201578176116,0.0271081002855121,0.129980842268547,61
"149","United Kingdom","Europe","Northern Europe",NA,NA,NA,NA,NA,NA,NA,NA,NA,NA,NA,NA,NA,NA,NA,NA,NA,NA,NA,NA,NA,NA,NA,NA,NA,NA,NA,NA,NA,NA,NA,NA,NA,NA,NA,NA,NA,NA,NA,NA,NA,NA,NA,NA,NA,NA,NA,NA,NA,NA,NA,NA,NA,NA
"150","United States","Americas","Northern America",34.1176470588235,34.2165866977837,3.11580452620354,3.69317615709051,3.92431797407024,2.1474606586405,6.74916266187154,50849.6409025004,980.663987512912,1010.75077267954,1058.09541733088,0.21356608,0.212305097058824,0.214284040841387,0.18819285,0.24562197,0.22104162,0.226912754705882,0.220858278280026,0.19295696,0.29401739,0.22857675,0.252430638235294,0.231203515687813,0.19940829,0.38775987,0.0192209472,0.0191074587352941,0.0169373565,0.0221059773,0.0198937458,0.0204221479235294,0.0173661264,0.0264615651,0.0205719075,0.0227187574411765,0.0179467461,0.0348983883,0.0606443545236674,0.0712911738833331,0.0756911397162634,0.0369296591139547,0.124458569162449,0.0620244590099295,0.0775912595386378,0.0783173624144336,0.0388024324963508,0.145052177831433,0.0647112043086306,0.088879549895776,0.0825133259373675,0.0410988607829126,0.195745287574942,17
"151","Uruguay","Americas","South America",-33.2857142857143,-33.6198399366651,1.47580970338757,1.55183578067665,2.19839805964626,0.697526702334982,2.4589467364361,8330.30565012638,92.1141513075562,95.6737406313192,99.9425117851465,0.12459916,0.127427531428571,0.122863507423456,0.1191056,0.1493153,0.12999302,0.132734139285714,0.127611351517946,0.12414931,0.15427642,0.13645692,0.139087135,0.133305115059187,0.12952446,0.16014374,0.0112139244,0.0114684778285714,0.010719504,0.013438377,0.0116993718,0.0119460725357143,0.0111734379,0.0138848778,0.0122811228,0.01251784215,0.0116572014,0.0144129366,0.0180078164624808,0.017816632702282,0.0242504688644748,0.007640478290103,0.0309138387814322,0.0187283325974406,0.0185508889728804,0.0251835028799181,0.00799740926043882,0.0320189882944454,0.0195920662539177,0.0194299212631384,0.0263023708860781,0.00842463208914903,0.0333356192756311,14
"152","Uzbekistan","Asia","Central Asia",40.1666666666667,40.040254887385,2.61999999493775,2.43234005807696,2.56569479310933,1.37000006112395,2.89000014470205,46342.4856247648,1239.67172645486,1353.41176691046,1612.15449609632,0.26621201,0.272076479166667,0.267502208770692,0.24119943,0.31733992,0.28504452,0.2987433625,0.29204557085458,0.25185208,0.3859135,0.313780875,0.361902760833333,0.347878296634742,0.26245522,0.57490473,0.026621201,0.0272076479166667,0.024119943,0.031733992,0.028504452,0.02987433625,0.025185208,0.03859135,0.0313780875,0.0361902760833333,0.026245522,0.057490473,0.0702818114433541,0.065690427060467,0.068325039045494,0.0366827106366365,0.0890569292562832,0.0727871612135567,0.0717544914292975,0.0744250400577642,0.0403124216785797,0.105545547595064,0.0767530523577985,0.0860971089348398,0.0883606649861329,0.0460931287164919,0.146090223620045,12
"153","Venezuela","Americas","South America",7.71052631578947,8.72052082275371,0.370000006206052,0.416167555489326,0.390185737732796,0.369999991764582,0.954788999358434,10.554986196961,0.161746458868029,0.150330303027181,0.137064324976139,0.155807205,0.158151317631579,0.153241753091633,0.1284967,0.18646379,0.143186885,0.146520770526316,0.14242586415742,0.11698404,0.17767756,0.128632445,0.132829243394737,0.129857417545087,0.099323379,0.17130188,0.0155807205,0.0158151317631579,0.01284967,0.018646379,0.0143186885,0.0146520770526316,0.011698404,0.017767756,0.0128632445,0.0132829243394737,0.0099323379,0.017130188,0.00579937007020421,0.00661725558694325,0.005995758598281,0.00475437803414161,0.0167117491936796,0.00534154750086698,0.00611647365686067,0.00555715926856384,0.00432840950062943,0.0159532132539833,0.00478100731096775,0.00552609992024803,0.00504594042419122,0.00376179778792893,0.0150792261380626,38
"154","Viet Nam","Asia","South-Eastern Asia",23,23,1.05038766741318,1.05038766741318,1.05038766741318,1.05038766741318,1.05038766741318,39.2851103105467,0.625457451623497,0.662812602319818,0.713669632936215,0.22744257,0.22744257,0.22744257,0.22744257,0.22744257,0.24102647,0.24102647,0.24102647,0.24102647,0.24102647,0.25952022,0.25952022,0.25952022,0.25952022,0.25952022,0.0159209799,0.0159209799,0.0159209799,0.0159209799,0.0168718529,0.0168718529,0.0168718529,0.0168718529,0.0181664154,0.0181664154,0.0181664154,0.0181664154,0.0167232009400932,0.0167232009400932,0.0167232009400932,0.0167232009400932,0.0167232009400932,0.0177219862125694,0.0177219862125694,0.0177219862125694,0.0177219862125694,0.0177219862125694,0.0190817786972649,0.0190817786972649,0.0190817786972649,0.0190817786972649,0.0190817786972649,1
"155","Yemen","Asia","Western Asia",NA,NA,NA,NA,NA,NA,NA,NA,NA,NA,NA,NA,NA,NA,NA,NA,NA,NA,NA,NA,NA,NA,NA,NA,NA,NA,NA,NA,NA,NA,NA,NA,NA,NA,NA,NA,NA,NA,NA,NA,NA,NA,NA,NA,NA,NA,NA,NA,NA,NA,NA,NA,NA,NA
"156","Zambia","Africa","East Africa",-13.3409090909091,-14.8530726704606,6.35910014119788,4.63014600877704,6.30634192047253,0.661827993149995,7.49104084981484,487.35652120174,9.26420635465266,9.24247955012878,9.21647172839877,0.187894595,0.187327639772727,0.190090948856264,0.17520788,0.19828129,0.18648321,0.184996757045455,0.189645139606183,0.16305735,0.19592685,0.18467118,0.182238402727273,0.189111488765401,0.14839586,0.19446067,0.0187894595,0.0187327639772727,0.017520788,0.019828129,0.018648321,0.0184996757045455,0.016305735,0.019592685,0.018467118,0.0182238402727273,0.014839586,0.019446067,0.117018121834271,0.0872645290919701,0.120214564417738,0.011687490556857,0.143172645589781,0.114954389555838,0.0864478771909531,0.120199768973054,0.0118294850909593,0.143701655403554,0.112576019584189,0.0854843663407662,0.120177262475699,0.0120046928010699,0.144315426344542,44
"157","Zimbabwe","Africa","East Africa",-20,-20.5736312633893,4.60243373769286,4.76291081589327,4.83664698489199,3.32814979234613,5.98167409342587,3497.22072595177,55.2299123545694,54.6366062546501,53.9421618744598,0.17565194,0.17537695,0.175472393914039,0.16420425,0.18635274,0.172973615,0.173551666428571,0.17358738564156,0.16257985,0.18482968,0.171322225,0.171411775714286,0.17138104830302,0.16070889,0.18305782,0.0158086746,0.0157839255,0.0147783825,0.0167717466,0.01556762535,0.0156196499785714,0.0146321865,0.0166346712,0.01541900025,0.0154270598142857,0.0144638001,0.0164752038,0.0712508089978998,0.0753377451326015,0.076625041800793,0.0517760725808109,0.0979667020445266,0.0702742708873907,0.074606343131651,0.0758316760781925,0.0506059510267385,0.0970754248284298,0.0691381227981236,0.0737494649417022,0.0749035519488081,0.0492240263526962,0.0960365049415221,14
"158","United Republic of Tanzania",NA,NA,-3,-2.88107858740661,1.74391638703097,1.628400564091,1.685350615612,1.39736889600453,1.74391640923749,548.130084650815,8.4980625746999,7.81158705185069,6.67477400717004,0.1540283,0.15463184,0.155037331696792,0.14992711,0.15994011,0.14801037,0.142231413333333,0.142513379042623,0.12642387,0.15226,0.13978272,0.121072317,0.121773538692411,0.068112471,0.15532176,0.01540283,0.015463184,0.014992711,0.015994011,0.014801037,0.0142231413333333,0.012642387,0.015226,0.013978272,0.0121072317,0.0068112471,0.015532176,0.0268612479856956,0.0252346046270447,0.0261591546543286,0.020950348018185,0.0278922178772537,0.0220472658604874,0.0230451253230279,0.0239614192676085,0.021276338810565,0.0258117712980313,0.0217041796296681,0.0193197876590201,0.0203266330752493,0.0118782454338072,0.024376937913585,3
